Ro,Theta_1,Theta_2,Theta_3,CE,EA,Mass,Peak_Force,combined,simulation_time,Force_1,Force_2,Force_3,Force_4,Force_5,Force_6,Force_7,Force_8,Force_9,Force_10,Force_11,Force_12,Force_13,Force_14,Force_15,Force_16,Force_17,Force_18,Force_19,Force_20,Force_21,Force_22,Force_23,Force_24,Force_25,Force_26,Force_27,Force_28,Force_29,Force_30,Force_31,Force_32,Force_33,Force_34,Force_35,Force_36,Force_37,Force_38,Force_39,Force_40,Force_41,Force_42,Force_43,Force_44,Force_45,Force_46,Force_47,Force_48,Force_49,Force_50,Force_51,Force_52,Force_53,Force_54,Force_55,Force_56,Force_57,Force_58,Force_59,Force_60,Force_61,Force_62,Force_63,Force_64,Force_65,Force_66,Force_67,Force_68,Force_69,Force_70,Force_71,Force_72,Force_73,Force_74,Force_75,Force_76,Force_77,Force_78,Force_79,Force_80,Force_81,Force_82,Force_83,Force_84,Force_85,Force_86,Force_87,Force_88,Force_89,Force_90,Force_91,Force_92,Force_93,Force_94,Force_95,Force_96,Force_97,Force_98,Force_99,Force_100,Force_101,Force_102,Force_103,Force_104,Force_105,Force_106,Force_107,Force_108,Force_109,Force_110,Force_111,Force_112,Force_113,Force_114,Force_115,Force_116,Force_117,Force_118,Force_119,Force_120,Force_121,Force_122,Force_123,Force_124,Force_125,Force_126,Force_127,Force_128,Force_129,Force_130,Force_131,Force_132,Force_133,Force_134,Force_135,Force_136,Force_137,Force_138,Force_139,Force_140,Force_141,Force_142,Force_143,Force_144,Force_145,Force_146,Force_147,Force_148,Force_149,Force_150,Force_151,Force_152,Force_153,Force_154,Force_155,Force_156,Force_157,Force_158,Force_159,Force_160,Force_161,Force_162,Force_163,Force_164,Force_165,Force_166,Force_167,Force_168,Force_169,Force_170,Force_171,Force_172,Force_173,Force_174,Force_175,Force_176,Force_177,Force_178,Force_179,Force_180,Force_181,Force_182,Force_183,Force_184,Force_185,Force_186,Force_187,Force_188,Force_189,Force_190,Force_191,Force_192,Force_193,Force_194,Force_195,Force_196,Force_197,Force_198,Force_199,Force_200,Force_201,Delta_Grad,Second_Order_Grad,EA_Mode
0.496790439,78.19759369,19.93702888,27.35290909,1.117208,0.195028,4e-05,0.189484,1.134103,1221.946316,0,0,-2.17653e-13,0,0,0,-1.0198e-14,-1.51564e-13,3.66442e-09,5.46539e-07,7.79933e-05,0.00385819,0.0828563,1.19002,18.465,104.067,271.184,590.803,1125.6,1795,2771.12,3467.35,4800.34,5285.96,5976.53,6621.02,7233.96,7166.33,7343.47,7602.21,7601.01,7601.24,7694.92,7676.85,7730.68,7794.53,7758.06,7734.46,7757.73,7835.79,7760,7806.79,7792.62,7755.55,7679.24,7652.04,7571.01,7629.77,7656.67,7661.41,7729.06,7761.32,7887.41,8010.99,8211.56,8405.61,8657.17,8947.61,9283.02,9654.16,10081.3,10512,10908.8,11434.1,11931.2,12486.8,12865,13419.4,13847.1,14023.9,14351.9,14499.4,14707.6,14939.3,15019.7,15140.2,15152.3,15178.3,15248.9,15159.4,15126.2,15180.9,15156.9,15208.3,14983.5,15048.7,14924.7,15008.7,14915.1,14981.7,15086.8,14907.7,15050.1,15135.4,15448.6,15392.7,15570,15770.7,15968.5,16105.7,16255.8,16565.6,16806.3,16969.1,17274.6,17578.5,17752.8,17972.8,18201.3,18523.6,18769.8,19154.9,19456.6,19714.3,19953.7,19848.1,20208,20295.1,20468.7,20638,20797.1,20974.5,21107.6,21196.5,21347.2,21482.3,21512,21590.4,21632.3,21754.1,21711.3,21804.2,21620.2,21654.9,21672.2,21768,21870.6,21860.8,21995.1,22054.2,22068.9,22313.1,22601.3,22651.9,22852.6,23021.8,23239,23378.2,23527.8,23833.9,23865.8,24005.9,24327,24523.7,24831.4,24950.7,25360.2,25666.4,25995,26377,26851.4,27022.2,27156.2,27493.1,27934.7,27932.5,28168.7,28341.3,28475.7,28665.2,28799.2,28814.5,28998.9,29336.9,29321.8,29362.7,29694.6,29865.6,29922.4,30163.5,30185.6,30545.9,30502.5,30624.3,31034,31050.8,31355.9,31583.3,31938.8,32453.1,32809.1,33206.7,33694.9,34038.7,34384,34655.8,35079,35502.7,35889,36295.1,36394.1,1711.39642324888,114.873375325195,progressive_failure
0.397629768,74.84498596,68.39543915,9.003067017,1.316853,0.090654,3e-05,0.074724,1.319969,983.9711909,0,0,-5.53968e-20,0,-7.33805e-16,-5.06521e-15,-2.78594e-14,-2.17208e-13,0,1.35925e-08,2.46867e-06,0.000139932,0.00342956,0.0419838,0.311591,4.04992,14.5009,70.0659,152.689,262.44,433.708,648.567,954.017,1186.42,1528.78,1846.02,2130.57,2344.7,2629.32,2794.88,3066.69,3302.94,3442.38,3577.44,3685.11,3881.95,4026.91,3949.01,4054.15,4096.39,4190.23,4302.61,4382.97,4487.55,4539.14,4624.13,4641.89,4708.21,4768.14,4740.87,4774.09,4763.32,4702.89,4693.35,4627.78,4558.56,4541.04,4440.71,4462.69,4468.59,4502.8,4548.85,4578.23,4563.84,4618.97,4566.47,4705.83,4648.44,4723.67,4765.49,4748.21,4799.57,4923.28,4984.12,5050.62,5165.41,5329.78,5565.2,5742.97,6013.51,6166.87,6357.69,6702.33,6802.83,6897.54,7002.84,7211.3,7376.99,7580.21,7685.12,7798.96,7981.67,8113.39,8073.86,8122.16,8223.64,8170.74,8237.07,8347.92,8325.93,8319.56,8360.8,8414.41,8392.22,8423.12,8469.74,8494.68,8556.22,8565.35,8618.8,8531.1,8558.63,8519.7,8569.84,8607.43,8727.34,8686.02,8668.57,8735.95,8619.8,8564.86,8624.09,8903.09,8778.63,8851.96,8947.44,9070.67,9241.38,9460.86,9643.16,9644.37,9860.87,10021.7,10142,10180.2,10358.3,10437.9,10386.8,10507.4,10612.4,10669.1,10742.1,10797.8,10909.6,10977.1,10957.6,11220.7,11405.6,11444.6,11633.2,11721.1,11815.8,11892.4,11918.8,12007.6,12073.2,12167.1,12263,12343,12381.2,12482.4,12406.7,12508.9,12533.8,12491.8,12634.7,12602.6,12643.4,12901.7,12922.8,12926.8,13049.5,13194.3,13277.1,13438.2,13613.7,13687.3,13913.3,14069.9,14289.9,14352.8,14536,14744.3,14962.7,14978.8,15283.8,15514.8,15793.9,16015.1,16286.9,16295.4,16424.6,16705.7,16859.5,16974.9,17208.1,17403.9,17542.6,17787.4,17881.9,18057.8,843.710613060561,102.189773344082,progressive_failure
0.543352962,27.1853199,73.52443695,58.68447113,1.155022,0.241084,4.4e-05,0.226562,1.179914,3061.291497,0,-2.00055e-12,-1.28397e-12,-2.66487e-13,-4.12766e-10,0,0,0,0,1.16892e-06,0.000166133,0.00839974,0.172017,4.7393,31.7681,164.849,443.597,908.506,1676.19,3047.66,4277.74,5747.35,7019.59,7250.06,8336.56,8335.64,8449.88,8753.21,8829.32,9036.25,9051.87,9164.33,9114.27,9085.07,9076.93,9034.28,9026.87,9104.79,9165.41,9295.86,9344.78,9254.25,9349.09,9302.58,9292.02,9261.48,9268.13,9043.08,8911.76,8858.88,8940.62,9086.22,9262.78,9553.58,9863.94,10521.1,11166.2,11941.3,12616,13603,13992.6,14494.4,15145.1,15603.1,16256.1,16575.7,17021.1,17504.7,17845.8,17944.7,17964.4,17994.8,18124.3,18016.8,18074.7,18029,18051.6,18133.3,18232.8,18157.9,18186.4,18220.2,18173.4,18027.3,17887.4,17818.2,17739.9,17785.4,17820.4,17928.2,18075,18181.7,18454.5,18741.6,19033.2,19366.8,19654.7,20079.1,20380.1,20821.8,21163.2,21632.5,21892.1,22270.7,22616.9,23086.6,23309.2,23538.1,23708.7,24110.6,24453.4,24737.1,24891.9,24901.3,25078.7,25212.6,25288.2,25284.7,25256,25355,25375.4,25395.4,25484.3,25494.7,25431.8,25475.7,25522,25700.5,25626.1,25721.9,25711.5,25939.9,25973.6,26155.8,26364.2,26535.3,26677.8,26972.6,27171.4,27371,27459.5,27661.9,28093.4,28115.9,28354,28687.4,29045,29310.1,29727.1,29942,30298.1,30554.7,30993.6,31118.9,31407.1,31706.9,31938.9,32318.3,32417.5,32818.6,32948.1,33109.7,33231.7,33319.9,33417.8,33585.1,33818.1,33892.7,34134.2,34347.3,34418.1,34422.9,34605.5,34655.8,34889.4,35087.9,35422.5,35543.8,35824,36158.6,36653.5,36884.2,37246.4,37647.4,38278.6,38397.4,39204.5,39507.4,39774.5,40601.1,41123.5,41515.1,42037.5,42649.2,42993.2,43673.3,43784,44152.3,44366.6,44767.6,45068.7,2085.46658311882,141.92491279063,progressive_failure
0.394837767,41.68045425,82.19720459,73.09610748,1.526283,0.078762,3e-05,0.056013,1.528314,1071.466064,0,0,0,0,-1.01713e-16,0,0,-4.11592e-16,0,0,4.21469e-08,3.12738e-06,0.000152087,0.00167689,0.0236928,0.170846,1.78942,11.1781,33.2792,63.1991,129.595,218.411,393.854,548.673,683.716,985.42,1214.45,1406.09,1906.51,2100.52,2345.57,2677.38,2585.17,2774.17,2938.67,3319.66,3216.25,3390.2,3548.59,3597.2,3643.62,3717.34,3798.34,3783.47,3827.03,3864.68,3925.48,3950.87,4011.42,3997.56,4026.23,4035.39,4107.93,4115.27,4081.57,4126.93,4088.43,4138.35,4056.36,4013.84,3972.79,3945.6,3920.16,3895.07,3874.2,3875.39,3871.65,3870.09,3842.38,3844.5,3814,3848.78,3910.07,3914.64,3983.79,4132.95,4137.97,4249.52,4300.68,4507.73,4684.4,4733.97,4875.71,5002.4,5175.64,5209.28,5338.26,5452.43,5532.43,5693.28,5909.88,6128.24,6501.59,6404.15,6485.06,6672.88,6910.76,6926.4,6991.55,7145.36,7376.73,7245.59,7292.31,7422.06,7506.71,7730.99,7687.43,7759.41,7819.16,7930.65,7857.67,7988.69,7882.45,7890.77,7818.46,7804.05,7686.93,7628.84,7587.48,7527.42,7534.15,7547.08,7469.85,7733.85,7639.05,7683.93,7734.31,7830.76,7845.11,7962.29,8043.4,8279.63,8198.09,8246.64,8423.68,8420.77,8528.05,8526.51,8663.52,8783.78,8997.16,9123.22,9181.73,9286.98,9476.24,9631.43,9599.51,9943.96,10206.7,10339.8,10393.1,10529,10896.5,10914.6,10896.4,11105.7,11039.6,11155.3,11355.6,11401,11397.2,11508.7,11560.6,11563.9,11554,11654,11731.7,11802.2,11956.8,12020,12115.5,12173.1,12244.5,12253.4,12401.4,12463.5,12603.9,12727.5,12843.5,13014.3,12981.7,13189,13262.4,13389.7,13552.1,13567.3,13675.1,13921.1,14052.8,14190.7,14418.5,14657.4,14821.1,14963.3,15343,15471.5,15633.1,15929.2,16041.1,16239,16497.7,839.145629318521,72.0427583671716,progressive_failure
0.547446907,68.74094391,86.37751007,15.34462547,1.180801,0.24278,4.5e-05,0.223175,1.205501,1564.330666,0,0,-2.07744e-18,-9.95115e-13,-1.22424e-13,-5.50499e-14,2.38027e-09,-4.75571e-15,7.81941e-09,2.42923e-06,0.000352571,0.0179816,0.444326,8.32678,57.6231,241.212,651.451,1446.64,2560.42,4014.01,5997.12,6183.07,6841.25,7671.24,8010.92,7986.9,8311.26,8662.38,8972.64,9097.34,9067.73,9171.73,9127.67,9141.72,9146.2,9263.25,9526.8,9668.22,9677.9,9699.97,9513.87,9403.72,9301.75,9215.86,9160.45,9046.24,8969.26,8949.14,8971.53,9031,9206.08,9592,10001.5,10503.7,10983.2,11407.1,11982.7,12579,13271.9,13881.8,14562.3,15325.1,15948,16431.9,16888.7,17071.8,17286.3,17461.4,17575.9,17786.2,17759,17757.7,17803,17747.5,17787.4,17752.1,17785.6,17846.6,17837.5,17960.2,17912,17961.2,17884.7,17809.4,17752.1,17810.8,17781.4,17865.5,17922.3,18010,18020.7,18279.5,18486,18741.8,19088.9,19397.9,19756.3,20105.3,20552.6,21105,21469.6,21819.9,22075.5,22462.5,22618.5,22897.7,23129.5,23456.9,23491.3,23713.2,23933.3,24136.5,24244.3,24347,24625.9,24806,24911.6,24916.7,24921,24964,24985.2,24901.1,24859.5,24928.9,24916.5,25055.3,25010.4,25019.9,25065.9,25241.5,25407.5,25577.5,25842.5,25982.5,26141.5,26292.4,26401.9,26665.8,26932,27004.7,27243,27495.5,27749.6,28220.5,28650,28947,29415.4,29839.4,30049.5,30510.8,30876,31253.6,31322.4,31573.4,31802.7,32119.4,32167.1,32320.9,32606.2,32844.2,32906.3,33047.4,33122.9,33237.2,33243.1,33461,33495,33557.4,33618.9,33780.1,34019.5,34378.1,34539.2,34867.2,35090.1,35418.9,35802.1,36216.6,36614.3,37182.8,37707.2,38232.8,38484,38915.7,39563.4,40046.4,40582.2,41015.1,41454.8,41962.7,42494.9,42846.2,43343.5,43662.3,43858.1,44160,44406.1,44777,44814.5,44969.1,45382.6,2182.69246714537,187.106990386705,progressive_failure
0.595141172,81.96411133,31.22283554,9.835953712,1.228005,0.32098,4.9e-05,0.283719,1.269261,2146.175007,0,-2.12249e-12,-8.40497e-14,-7.44937e-15,-7.41245e-13,1.92193e-09,-5.0244e-13,1.68935e-08,7.12296e-09,1.13515e-05,0.00149844,0.107399,3.51789,46.2465,164.661,692.752,1606,3134.66,5552.16,7022.99,8925.18,8812.77,9489.96,10347.1,10381.5,10511.8,10745.6,10709.5,10652.8,10852.6,10813.2,11067.1,11262.6,11267.4,11426.9,11443.2,11447.6,11396.7,11461.4,11336.2,11370,11310.1,11178,11163,11161.6,11144.6,11099.6,11259,11650.2,12233.8,13100.1,14127.2,15035.2,15871.9,16985.4,17981,18631.9,19303.1,19883,20410.3,20839.1,21216,21489.9,21888.4,22142.2,22416.7,22485.6,22604.5,22820.2,22603.7,22507.7,22383.3,22077.1,22121.3,22168.3,22261.7,22267.5,22333.6,22541.5,22832.5,22664.6,22809,22875,23012.8,23426.5,23847.2,24162.2,24605.2,25062.9,25687.1,26013.6,26420.2,26922.8,27168.7,27643.1,28301.6,28700.7,29292,29559,29946.2,30445.8,30803.6,30904.1,31252.3,31303.1,31296.7,31349.7,31394.8,31515.2,31542.8,31461.5,31626.9,31700.4,31837.9,31836.6,31732.2,31700.6,31726.6,31860.4,32108.4,32354.2,32499.6,32596,32777.1,32911.6,33006.2,33236.9,33577.3,33747.1,34053.6,34474.8,34947.8,35316.8,35698.1,36045.2,36333.3,36688.1,37020.1,37145.2,37753.5,37808.3,38031.1,38704.6,38643.4,38803.9,39047.4,39431.3,39742.2,39896.8,40342.3,40519.3,40803.8,40877.5,41150.5,41303.3,41630.9,41316.1,41588.6,41733.7,41975.5,42290.8,42548.7,42806.6,43173.9,43356.4,43708.4,44032.7,44431.7,44525.1,44802.8,45096.8,45591.3,45595.9,46368.5,46796.8,47204.6,47575.3,48139,48665.9,48987.1,49331,49732,50341.9,50478.6,50989.4,51679.6,51717.6,52442.8,52888,53129.2,53880.2,53986.6,54062.8,54812.5,55551.1,55879.6,56242.5,56667.2,57146.2,57579.1,57956.8,2644.49628099174,171.91866596649,progressive_failure
0.36895597,0.139661282,54.42390442,53.37979889,1.418764,0.04541,2.8e-05,0.034742,1.419491,1666.247936,0,0,0,0,0,0,0,0,0,0,0,5.68212e-07,1.82036e-05,0.000260988,0.00199563,0.0324737,0.0340658,0.106727,0.331628,6.77376,2.94517,8.68164,16.3118,30.8733,51.9962,77.6502,105.307,141.267,185.09,223.28,264.342,509.415,414.23,510.223,597.329,741.012,759.965,853.698,946.07,1010.98,1100.28,1213.82,1292.19,1406.37,1503.97,1625.03,1734.71,1816.95,1957.25,2048.47,2142.49,2238.84,2319.4,2389.27,2505.24,2524.72,2533.46,2550.95,2571.55,2582.16,2598.01,2795.87,2566.99,2523.92,2469.67,2404.89,2361.88,2321.07,2273.31,2227.15,2173.91,2126.41,2125.55,2205.01,2420.88,2041.25,2030.09,2046.6,2020.66,2036.46,2069.94,2134.19,2099.65,2115.71,2163.2,2256.66,2302.6,2345.47,2415.67,2422.91,2437.87,2463.48,2475.5,2498.57,2884.03,2554.02,2600.28,2781.77,2704.1,2751.25,2763.39,2780.71,2827.83,2963.85,3022.51,3129.01,3227.83,3383.03,3469.15,3591.7,3727.2,3740.53,3822.76,3908.9,3892.05,4028.56,4126.95,4237.27,4309.79,4702.52,4594.38,4678.16,4805.57,4809.32,4972.85,5006.41,5067.19,5187.35,5245.48,5361.62,5385.15,5426.32,5496.53,5508.77,5547.15,5594.15,5465.79,5464.83,5444.4,5474.23,5488.64,5473.42,5427.02,5399.86,5435,5415.89,5441.75,5465.02,5496.54,5459.47,5458.67,5464.7,5519.8,5631.04,5666.28,5748.84,5825.18,5914.75,6008.91,6198.8,6190.07,6404.14,6369.63,6537.99,6649.19,6986.75,7336.74,7114.83,7316.31,7477.21,7581.46,7793.09,8003.09,8264.8,8847.79,8810.38,8708.26,9262.17,9174.96,9383.05,9489.61,9621.5,9966.47,9830.49,9853.32,9952.51,10108.5,10236.2,10447,10223.8,10251.3,10358.7,10359.8,10386.2,10425.7,10468.1,10493.7,10435.2,10478.1,10537,10637.1,734.190796640022,70.3496539018949,progressive_failure
0.307810515,64.67279816,84.51229858,50.22041702,0.96915,0.028521,2.2e-05,0.031943,0.96957,537.6764531,0,0,0,0,0,0,0,0,0,0,-1.89085e-12,6.85929e-10,4.98814e-08,1.11182e-06,1.46165e-05,0.000244819,0.00154613,0.0071815,2.70353,1.30175,6.83894,14.3428,19.1203,38.2849,47.8469,68.4605,95.0248,122.412,154.186,183.346,222.688,254.592,300.216,365.694,416.553,469.432,532.007,609.758,652.174,687.801,769.352,804.009,848.001,915.732,933.94,982.184,1030.49,1066.9,1176.66,1185.24,1237.89,1296.39,1364.03,1405.61,1503.89,1598.23,1536.15,1553.54,1556.3,1575.27,1598.64,1608.88,1663.21,1693.15,1702.03,1764.34,1748.78,1814.83,1805.14,1834.85,1828.33,2570.65,1883.2,1911.23,1975.27,1855.52,1883.84,1871.65,1893.99,1907.23,2067.63,1969.85,1937.71,1955.3,1915.84,1914.45,1889.63,1899.66,1864.47,1867.28,1890.28,1905.65,1900.7,1865.98,1859.87,1850.19,1893.21,1919.87,1918.5,1931.94,2002.5,1990.79,2040.26,2037.38,2035.73,2041.07,2046.3,2059.52,2164.8,2140.51,2186.08,2246.47,2236.39,2326.69,2322.25,2359.46,2395.15,2444.33,2453.1,2485.09,2640.35,2674.26,2712.22,2771.01,2802.25,2901.46,3014.89,2991.44,2968.04,3058.52,3135.97,3294.6,3291.91,3268.67,3332.01,3328.33,3363.92,3383.89,3414.89,3436.28,3534.04,3671.82,3788.5,3722.24,3705.09,3744.7,3721.51,3739.3,3837.28,3955.15,3974.17,4026.96,4039.06,4006,4020.18,4064.86,4153.13,4226.9,4265.51,4270.24,4260.06,4215.23,4269.84,4335.86,4476.92,4520.43,4457.33,4586.42,4553.17,4629.16,4493.97,4850.65,4679.55,4693.12,4759.92,4766.82,4760.87,4784,4865.13,4975.79,5035.72,5110.51,4999.92,5093.42,5213.98,5206.92,5207.9,5301.69,5488.94,5526.87,5686.52,5784.66,5783.01,6006.37,6163.25,6283,6401.51,6515.34,6604.11,6654.22,6756.44,382.818530009484,35.4732323057998,progressive_failure
0.357674122,2.475621939,78.29707336,71.2363205,1.507911,0.052213,2.6e-05,0.037585,1.508815,999.9683573,0,0,0,0,0,0,-1.91949e-17,-2.50065e-15,-1.4686e-15,0,7.82663e-08,4.52906e-06,0.000125754,0.00176353,0.0266329,0.204014,0.879565,4.38384,15.6563,24.1539,50.109,96.5288,140.487,202.623,283.617,393.719,449.847,546.686,737.08,827.899,935.612,1052.73,1187.16,1312.14,1413.71,1542.63,1690.18,1806.75,1926.6,2063.89,2166.28,2294.57,2363.94,2455.44,2546.61,2615.05,2689.83,2805.42,2832.62,2889.18,2914.78,2933.88,2965.04,2989.35,3024.43,3012.13,3014.47,3006.9,3001.78,2967.75,2947.34,2906.73,2872.22,2880.18,2869.42,2887.15,2893.53,2891.3,2905.59,2919.06,2934,2958.35,2959.45,3024.65,2973.58,2999.97,2983.76,2981.97,2988.56,3003.47,3001.78,2995.45,2973.43,2977.54,2986.46,2993.29,3030.12,3102.81,3148.98,3272.56,3372.32,3480.35,3635.5,3701.47,3818.2,3947.86,3960.49,4026.29,4085.29,4262.32,4298.76,4350.23,4442,4529.48,4622.16,4694.03,4769.07,4927.23,4917.21,4973.07,5025.28,5097.2,5223.66,5226.37,5227.31,5204.06,5233.15,5300.09,5392.07,5406.63,5390.48,5418.84,5455.57,5456.07,5525.48,5544.4,5617.41,5568.12,5646.99,5688.16,5628.99,5667.93,5698.66,5733.67,5753.62,5768.93,5760.32,5774.54,5803.26,5838.82,5870.86,5887.28,5918.27,6031.67,6056.19,6083.53,6072.74,6088.3,6107.64,6201.5,6247.74,6276.34,6327.26,6442.93,6638.81,6688.43,6771.08,6989.19,6976.7,7137.81,7237.96,7286.06,7394.94,7473.32,7645.68,7806.69,8009.36,8069.62,8196.03,8301.64,8421.38,8604.64,8764.09,8849.4,9117.06,9083.95,9185.12,9362.54,9451.13,9373.06,9549.75,9605.67,9610.2,9745.16,9840.32,9700.36,9685.47,9732.39,9855.59,9869.33,9979.04,9988.83,10142,10102.4,10107.5,10144.3,10138.9,10219,10447.7,10580,10718.4,622.062230727544,45.483998066861,progressive_failure
0.363838613,32.64373779,9.826579094,12.54560089,1.029213,0.033408,2.6e-05,0.035234,1.029756,1001.592171,0,0,0,0,0,0,0,0,0,0,3.70722e-07,2.73923e-05,0.000849091,0.0130774,0.136826,12.6838,35.4799,85.126,143.058,243.831,351.336,465.306,730.503,1142.07,928.905,1095.5,1211.62,1354.25,1537.93,1591.51,1723.91,1910.06,1982.27,2079.06,2173.71,2243.71,2284.47,2325.27,2352.59,2362.55,2413.7,2385.29,2374.51,2349.64,2367.08,2375.89,2299.15,2259.3,2276.35,2220.56,2164.79,2153.81,2132.97,2160.79,2220.6,2163.74,2175.82,2150.1,2239.28,2223.82,2218.1,2182.94,2227.96,2217.17,2253.95,2263.81,2270.88,2271.77,2273.97,2247.52,2269.69,2267.99,2331.31,2349.54,2429.27,2512.98,2584.39,2657.9,2723.65,2835.47,3004.48,3025.84,3038.66,3137.57,3087.67,3054.32,3058.59,3024.07,3157.87,3014.83,3172.95,3154.11,3147.98,3159.27,3134.51,3306.84,3254.5,3150.37,3155.74,3127.35,3181.56,3241.61,3228.87,3297.97,3405.47,3338.18,3323.98,3315.54,3324.97,3384.79,3366.54,3430.12,3352.58,3496.65,3473.57,3516.73,3604.72,3568.66,3544.36,3565.16,3474.65,3427.81,3414.67,3393.51,3358.57,3439.72,3405.26,3413.39,3477.41,3503.35,3529.02,3553.03,3560.62,3638.35,3559.57,3521.3,3521.53,3507.18,3471.75,3445.64,3387.62,3392.08,3398.82,3409.25,3367.24,3344.56,3305.57,3327.45,3377.68,3495.49,3571.54,3528.28,3681.23,3701.11,3831.17,3988.06,3894.34,3903.52,3890.97,3905.24,3878.44,3834.57,3807.92,3825.9,3872.2,3896.11,4048.34,4047.52,3991.19,4026.99,3946.05,3921.87,3946.93,4151.06,4315.07,4438.81,4474.54,4551.74,4635.89,4823.41,4882.13,4919.09,4952.4,4893.64,4890.75,4861.4,5188.64,5166.88,5153.9,5079.42,5148.99,5255.3,5287.26,5197.27,5195.36,5152.31,5153.3,5218.28,5249.09,5261.6,5228.86,175.563226527571,42.9703763608798,progressive_failure
0.508605838,74.52027893,14.37435532,78.85415649,1.124203,0.197925,4.1e-05,0.191102,1.141493,2798.54737,0,-4.01647e-15,-1.86781e-20,-6.13547e-12,-5.65786e-14,-1.05043e-13,-1.33932e-13,0,0,5.49427e-07,8.26031e-05,0.0042724,0.0947219,1.18393,16.4449,83.0016,288.876,632.543,1172.95,2490.98,2948.67,4750.12,5895.3,5990.47,6332.17,6559.33,6868.62,7111.34,7359.08,7261.37,7370.93,7458.88,7564.32,7686.77,7870.03,8023.91,8089.97,8220.04,8230.89,8402.56,8398.61,8351.5,8334.56,8260.73,8230.12,8145.75,8016.13,7957.16,7787.93,7636.53,7453.89,7440.58,7504.69,7708.72,7973.43,8291.87,8832.03,9072.1,9589.24,10094.9,10689.5,11032,11508.9,12204.6,12453.5,12830,13114.1,13375.1,13863.8,13987.3,14271.8,14524.4,14685.4,14918.7,15048.1,15062.9,15272,15368.8,15379.1,15346.7,15343.9,15441.7,15539.9,15468.7,15484.3,15365,15402.7,15344.8,15178.9,15150.7,15154.3,15197.8,15328.3,15340.4,15364.1,15476.7,15549.4,15877.6,16028.8,16008.1,16221.4,16473.2,16831.3,16937.2,17240.9,17554.9,17838.8,18192.4,18448.8,18630.4,18881.9,19277.4,19659.7,19902.1,20163,20318.4,20616.5,20751.5,20952.6,21166.1,21456,21474.3,21618,21725.5,21737.6,21957.1,22054.3,22031.5,22092.2,22015.2,22119.5,22133.5,22247.1,22263.4,22262,22201.7,22076.5,22130.1,22062.2,22114.6,22312,22459.9,22591.4,22706.1,22840.3,23039.6,23253.1,23363.3,23599,23834,24121.9,24410.1,24633.8,24926.8,25107.1,25480.1,25687.6,26129.2,26462.7,26739.5,27032.6,27248.6,27520.2,27704.4,28161.7,28597.4,28504,28786.9,28929.3,29245.2,29252,29419.8,29610.2,29680.3,29707.9,29892.5,29909.6,30130.4,30188.6,30290.7,30363.1,30501.8,30808.1,31125.4,31365.3,31596.4,31749.7,32026.2,32491.1,32734.6,32990.3,33412.9,33878,34203.3,34788.5,35435.8,35979.3,36475.5,36774.2,37284.5,37606.1,1736.43840265547,120.7540889471,progressive_failure
0.43982023,7.068163395,34.70330048,62.79864502,1.601952,0.084982,3.4e-05,0.057582,1.604204,1409.849285,0,0,0,0,1.23699e-11,-4.63098e-14,-1.43353e-13,-1.55465e-13,-6.42399e-14,7.81697e-10,1.19405e-07,7.05164e-06,0.000186159,0.00390009,0.0218522,0.255339,1.06502,3.83547,13.2633,38.6101,84.2598,138.496,230.212,333.064,491.053,653.436,884.72,1105.77,1369.8,1651.42,1834.66,2129.61,2357.62,2549.84,2906.49,3184.97,3342.03,3534.95,3675.18,3842.9,3987.33,4098.72,4123.22,4175.69,4223.44,4274.77,4307.45,4350.48,4398.27,4280.25,4271.37,4234.19,4262.64,4189.21,4172.44,4142.27,4123.52,4097.25,4122.61,4132.64,4109.97,4160.31,4177.3,4198.58,4241.93,4212.03,4294.5,4275.42,4283.12,4248.19,4300.68,4324.67,4331.25,4355.27,4390.76,4440.08,4500.91,4542.8,4559.19,4633.99,4676.82,4775.83,4900.86,5001.26,5062.25,5156.21,5307.37,5413.76,5501.83,5650.97,5824.12,5993.82,6087.86,6155.84,6244.66,6357.53,6472.78,6630.92,6811.95,7127.82,7176.11,7293.62,7370.66,7525.4,7655.77,7728.23,7718.82,7839.42,7886.38,8045.85,8106.43,8166.59,8255.64,8236.09,8258.4,8338.55,8314,8372.4,8409.67,8454.56,8534.12,8580.75,8544.64,8615.96,8684.69,8792,8792.16,8769.41,8770.75,8805.17,8782,8811.55,8899.67,8935.44,8915.05,9023.68,9067.55,9115.61,9170.26,9214.99,9299.05,9407.74,9532.01,9728.71,9944.77,10120.6,10271.2,10426.2,10772.8,10818.2,11139.3,11145.3,11332.2,11514.3,11590.1,11781.4,11933,12042.4,12129.4,12258.1,12464.8,12579.4,12869.8,13050.4,13238.1,13309.6,13436.7,13578.6,13761.2,13743.1,13826.3,13930,13941.7,14094.9,14114.9,14148.9,14242,14359.5,14474.6,14458.6,14601.8,14710.9,14826.5,15050.3,15165.8,15260.3,15478,15552.7,15681.5,15962.9,16160.3,16290.4,16563.9,16938.2,17285.7,17653.7,17798.4,18166.9,18370.5,18831.1,19042.9,1031.03562525403,87.9056730665603,progressive_failure
0.451463342,15.5992794,35.25960541,63.39509964,1.59821,0.092918,3.5e-05,0.063107,1.600908,1722.948839,0,-1.09705e-10,0,-3.72221e-15,-3.17308e-13,-1.82507e-13,-5.295e-14,-3.74357e-13,0,0,7.1043e-07,3.66223e-05,0.000948503,0.0126297,0.102817,0.444238,2.64949,11.4178,30.1587,65.8471,137.942,225.55,364.068,498.725,734.667,1227.43,1172.5,1617.66,1732.58,2237.83,2353.02,2600.35,2882.45,3112.89,3646.57,3547.09,3745.67,3907.83,4147.16,4193.39,4305.35,4375.76,4535.67,4468.99,4546.28,4611.39,4661.11,4674.61,4594.91,4630.07,4683.78,4719.08,4620.58,4653.76,4662.74,4568.35,4574.85,4536.15,4497.77,4502.82,4400.84,4349.98,4331.77,4375.79,4374.63,4418.53,4352.49,4369.32,4377.81,4288.55,4393.4,4365.74,4462.76,4556.58,4606.18,4722.28,4760.75,4889.85,4906.31,5078.58,5324.43,5366.95,5521.39,5680.26,5793.79,5911.56,6028.03,6107.06,6300.27,6498.99,6565.46,6835.25,7183.64,7285.91,7586.3,7810.01,8160.03,8650.9,8340.87,8570.81,8680.9,8685.46,8768.25,8934.49,8861.14,8867.28,8955.78,8981.47,9041.39,9138.12,9067.13,9110.41,9037.69,9011.52,8936.34,8989.04,8900.37,8885.06,9028.15,8957.59,9065.89,9053.02,9039.81,9007.61,8935.83,8936.15,8985.3,9077.42,9209.45,9090.01,9129.72,9297.68,9410.56,9549.36,9742.57,9848.68,10026.1,10244.7,10404.2,10524.9,10944.7,10887.8,11081.3,11159.3,11327.3,11514.2,11629.6,11809.5,11948.6,12267.2,12363.4,12527.1,12675.6,12743.8,13020.9,13246.6,13384.6,13419.9,13642.6,13616.9,13905.1,14023,14136.6,14154.1,14274.7,14286.2,14376.6,14489,14463.7,14527.9,14611.5,14631.5,14596.9,14759,14643,14736.8,14770.7,14955.9,14962.7,14975.6,14955.1,15182.4,15409,15582.2,15720.1,15833.1,16096.1,16414.4,16624.7,17229.8,17498.2,17693.9,17831.5,18284.3,18619.1,19053.5,19515.1,19943.2,20443,20570,20834.1,1048.00186153638,94.5108675052093,progressive_failure
0.31913653,72.80010223,60.8706665,7.234883308,1.448572,0.03602,2.2e-05,0.026991,1.44902,582.7298837,0,0,0,0,0,0,9.08004e-11,-7.83183e-14,0,0,8.74492e-08,4.99066e-06,0.000128044,0.0017215,0.0135032,0.0711452,0.708992,13.9857,13.0533,40.9573,59.7124,97.8796,146.427,221.541,263.457,334.516,391.117,551.386,519.318,606.117,703.511,807.242,878.432,1021.65,1061.06,1118.53,1196.71,1236.58,1294.51,1386.88,1442.99,1510.65,1544.91,1631.02,1634.69,1677.18,1704.32,1740.1,1793.17,1815.06,1871.53,1954.22,1981.43,2048.82,2049.92,2049.37,2074.76,2074.96,2116.41,2081.26,2144.67,2088.05,2100.71,2093.68,2052.71,2099.47,2116.29,2141.99,2131.8,2125.43,2154.07,2124.95,2109.25,2096.48,2110.63,2158.04,2120.07,2104.32,2172.12,2029.32,2019.24,2012.93,2025.46,2006.39,1979.26,1982.37,2039.25,2092.26,2116.96,2160.21,2158.46,2197.32,2223.95,2262.87,2300.58,2320.9,2395.45,2442.83,2488.57,2572.62,2596.92,2642.5,2649.43,2663.65,2695.22,2805.51,2790.63,2875.38,2994.37,3075.53,3129.86,3213.03,3218.7,3316.72,3383.97,3485.35,3535.05,3552.44,3619.9,3607.96,3766.23,3847.74,3908.35,3934.98,3948.39,3985.46,4006.82,4045.49,4162.7,4116.1,4205.41,4203.19,4165.51,4171.87,4189.51,4165.79,4093.78,4111.54,4176.96,4182.65,4201.87,4222.37,4223.31,4279.4,4269.02,4265.06,4279.19,4309.69,4424.52,4452.04,4524.74,4526.15,4624.21,4799.12,4762.83,4853.16,4854.96,4895.56,4908.95,4930.13,5003.38,5025.38,5078.37,5299.51,5266.9,5525.08,5488.73,5544.5,5765.74,5784.42,5757.06,5920.88,5913.71,6088.72,6092.36,6075.67,6165.39,6196.69,6242.56,6310.39,6409.84,6727.52,6655.36,6663.85,6728.39,6801.66,6885.33,6924.63,6982.5,7026.52,6995.15,7084.88,7100.61,7212.54,7272.01,7203.47,7283.86,7329.08,7470.27,7564.23,7530.43,462.372958271237,24.9977536174918,progressive_failure
0.348165482,69.79388428,53.56297302,30.77469063,1.393861,0.039946,2.4e-05,0.031107,1.394433,494.5354772,0,0,0,0,0,-2.20381e-16,-3.53872e-18,0,-1.90911e-11,5.74299e-11,6.16407e-08,4.14185e-06,0.000112403,0.00171775,0.0163892,0.0818217,4.4056,2.34133,25.4756,47.3426,88.4361,150.232,225.243,300.567,402.382,520.903,604.326,697.13,813.105,887.377,954.393,1047.37,1127.11,1209.89,1266.34,1318.27,1399.31,1426.73,1533.57,1559.43,1625.64,1692.41,1734.4,1764.74,1839.69,1843.23,1890.78,1905.34,1926.72,1957.92,2016.38,2014.09,2049.99,2094.21,2177.9,2176.42,2284.61,2196.6,2238.35,2196.77,2208.9,2409.26,2299.83,2334.22,2395.16,2438.16,2457.63,2459.05,2500.46,2471.4,2503.39,2443.62,2463.72,2469.37,2428.82,2441.13,2420.73,2439.1,2434.05,2425.1,2394.41,2448.18,2603.99,2587.91,2643.15,2676.38,2622.39,2690.81,2768.58,2688.19,2740.22,2796.6,2805.35,2801.84,2870.74,2938.31,2944.65,3054.53,3166.2,3161.25,3175.11,3115.49,3177.94,3135.91,3173.01,3217.3,3254.31,3459.34,3361.31,3442.33,3447.52,3469.59,3551.5,3561.41,3644.48,3765.2,3757.84,3796.11,3870.53,3963.29,3999.6,4099.79,4168.95,4151.24,4182.92,4232.61,4365.13,4535.56,4691.23,4531.14,4603.11,4696.35,4756.96,4649.99,4799.18,4784.79,4700.82,4627.6,4753.15,4754.03,5008.72,4850.13,4910.93,4864.08,4859.28,4877.41,4880.11,4726.03,4682.75,4741.12,4843.38,4949.83,4997.24,5051.36,5061.98,5137.95,5105.32,5084.74,5086.02,5092,5153.51,5216.41,5320.96,5439.28,5570.29,5543.26,5693.1,5892.21,5876.54,5942.64,6059.75,6266.41,6262.71,6379.9,6582.01,6695.81,6781.03,6925.36,6862.52,7014.08,6955.28,7071.22,7173.11,7217.06,7145.38,7365.62,7248.21,7303.82,7355.03,7522.22,7516.26,7622.58,7735.64,7884.79,8019.07,8202.36,8276.18,8306.98,8459.26,8441.62,8560.38,466.098586234928,43.3657585927361,progressive_failure
0.525102377,35.3754425,10.21463299,13.13566017,1.020525,0.197646,4.2e-05,0.210221,1.039488,9508.460516,0,0,0,0,0,-1.71923e-14,-8.43713e-14,0,0,5.57072e-06,0.000728664,0.0366174,0.59555,79.5544,186.524,739.193,1755,2944.92,5539.66,5413.04,7860.85,6691.23,7060.99,7836.91,7846.65,8226.25,8556.83,9065.83,9017.08,9312.27,9485.15,9524.94,9674.86,9753.12,9649.7,9624.19,9394.34,9207.12,9129.22,9138.16,9214.12,9237.94,9121.08,8966.74,8982.18,8986.79,9351.95,9621.38,10210.9,10871,11291.7,11728.2,12294.3,13079.4,13119.5,13664.5,14210.8,14804.7,15541.8,15883.3,16036,16304.1,16771,16861.1,16753.4,16826,16887.6,16741,16588,16473.6,16385.8,16407.5,16470.4,16779.7,16863,16801.4,16917.7,16791.3,16801.5,16824.8,16772.2,16903.9,16857.3,17023,17197.3,17372.4,17382.3,17458.3,17488.5,17518.7,17502.9,17610.7,17729.4,17992.8,18132.1,18370.9,18527.5,18799,19045.8,19198.3,19340.6,19402.1,19460,19637.5,19832.3,19876.7,19888.4,19781.2,19668.9,19576.8,19442.3,19369.9,19285,19291.5,19157.6,19058.6,18846.3,18694.3,18760.8,18583.2,18464.7,18343.6,17997.4,17756.6,17902.3,17856.2,17936.1,18084.3,18209.8,18187.9,18159.5,18188.4,18455.3,18403.7,18768.7,19251.4,19291,19267,19505.2,19911.6,19797.9,20305.1,20553.7,20691,20884.6,21411.6,21318.2,21669,22146.1,22107.1,22611.5,22771.8,22975.1,23343.7,23823.9,23173.5,23301,23321.3,23736.7,23758.4,23663.5,23916.6,24333.3,24220.3,24272.2,24443.5,24479.9,24360.8,24604.8,24696.1,24677.1,24902.7,24704.5,24734.1,24800.6,25023,25447.9,25709.5,25984.9,26620.9,27254.4,27601.9,28004.7,28518.5,29093.9,30075.7,29896,30644.1,31052.8,31405.9,31913.1,32311.8,32803.4,33380.4,33683.1,33925.8,33869.3,34165.7,34187.3,34503.6,34891.3,1258.50161902181,332.938665217292,progressive_failure
0.530522704,15.39103794,44.80712891,18.71792412,1.072286,0.231204,4.3e-05,0.234043,1.096928,8020.055553,0,-5.93319e-14,0,0,0,0,-1.45366e-13,0,0,5.85074e-06,0.000546985,0.028787,0.656148,6.04971,94.0031,441.844,1213.12,2430.68,4699.21,5820.05,7479.08,7609.42,8301.77,9250.11,9074.77,9322.39,9300.3,9363.9,9362.94,9472.43,9524.14,9508.82,9589.41,9485.18,9501.04,9620.59,9741.17,9811.03,9773.11,9845.39,9740.31,9736.85,9766,9687.62,9703.82,9717.97,9726.12,9941.77,10158.5,10733.3,11457.6,12141.8,13467.7,14869.9,14879.6,15271.2,15943.6,16586.7,17176.2,17568.5,17872.1,18126.9,18463.6,18466,18572.7,18573.4,18576.8,18615,18734.8,18739.6,18727.6,18834.8,18677.7,18479.9,18248.2,18174.5,18050,18048.8,18030.5,18006.1,17986.9,18171.2,18257.4,18379,18641.5,18988.9,19291,19591.1,19856,20216.6,21173.4,21180.9,21174.1,21418.4,21757.5,21960.1,21954.8,21884.8,21760.5,21961.8,21953.9,22072.1,22079.3,22081.1,22122.8,21904,22874.4,22203.2,22232.5,22156.5,22168.5,22273.8,22383.5,22178.5,22274.7,22402,22472.7,22289.2,22411.9,22628.6,22592,22638,22822.8,22915.5,23149.8,23459.7,23645.4,24048.1,24213.4,24380.2,24509.6,24692.2,24767,24920.5,25047.2,25154.9,25330.6,25435.7,25618.6,25753.8,25857.1,25982.6,26065.6,26072.4,26094,26385.9,26470.8,26597.3,26926.1,26865.2,27043.9,27263.7,27179.8,27432.5,27784.2,27705.5,27943.1,28085.2,27904.7,28050.6,28096.2,28176.2,28261,28341.1,28556.9,28709,28842.3,28958.7,29727.9,29526.5,29778.5,30534.9,30694.5,31155.6,31675.8,32037.5,32356.9,32418,32735.8,32899.6,33155,33261.8,33931.7,34218.2,34675.6,35372.2,35264.4,35452.3,35625.3,35866.2,35976.7,36511.7,36736.3,37040.5,37545.3,37798.9,38478.2,38766.2,39384.2,39337.5,39743.9,1526.6283633654,208.16868821608,progressive_failure
0.488907099,41.08919907,67.6306839,83.9181366,1.103021,0.159803,3.8e-05,0.157257,1.114537,1106.650132,0,0,-1.07223e-13,-9.48579e-18,0,0,0,0,0,6.67167e-08,1.25599e-05,0.000690751,0.021237,0.236679,3.21549,18.2562,74.3756,244.39,563.25,943.314,1563.17,2012.55,2813.44,3518.94,4467.03,4785.4,5367.14,5616.81,5962.55,6194.36,6351,6598.71,6731.7,6881.09,6923.63,6990.54,7082.78,7065.18,6980.41,6947.44,6897.14,6869.14,6798.17,6734.04,6728.86,6695.25,6735.6,6629.93,6601.21,6577.77,6565.89,6655.89,6612.51,6648.19,6704.59,6818.84,6874.7,6911.27,7079.7,7201.38,7499.11,7671.85,7856.07,8127.24,8404.39,8794.59,9166.78,9543.25,9879.89,10260.1,10442.3,10915.3,11180.7,11474.6,11940.1,11939.5,12187,12341.1,12519.1,12655.4,12796.7,12892.5,13070.6,13170.5,13238.6,13162.7,13154.8,13079.4,13073.3,13039.3,13068.5,12891.3,12818.5,12773.2,12765.8,12754.9,12818.1,12896.5,12939.3,13033.6,13133.5,13268.4,13234.2,13384.2,13548.9,13700.3,13881.1,13985.8,14253.1,14285.3,14495.8,14538.8,14738.8,14805.7,14961.2,15357.3,15461,15672.2,16030.9,16295.6,16444.9,16673.4,16946.1,17010.3,17317.3,17447.2,17581.4,17768.2,17914.7,18111.9,18130.8,18542.6,18586.9,18660.3,18491.5,18515.9,18521.9,18633.6,18618.4,18740.3,18804.7,18862.2,18777.1,18914.6,19059.7,19387.3,19398.1,19286.1,19359.5,19503.7,19443.3,19631.8,19939.2,20041,20181.1,20252.3,20406,20687.4,20795.5,21111.2,21356.9,21639.6,21804.4,22074.3,22258,22578.6,22893.5,23150.2,23442.6,23666.3,23961.7,24164.3,24571.1,24468.8,24767.9,24863.3,25066.7,25320,25580.4,25680.9,25867.2,25926.1,26059.1,26237.8,26392,26459.7,26703.1,26824.2,27003.6,27029.1,27272.6,27585,27812.1,27916.7,28150.6,28471.6,28901.1,29182.9,29852.4,29982.6,30281,1445.72442758434,132.551501102455,progressive_failure
0.563548684,32.99671936,29.25022888,62.26042175,1.151072,0.229989,4.5e-05,0.216877,1.173823,3436.756363,0,0,0,-1.22945e-12,-3.10862e-12,-5.42625e-13,-3.92007e-13,-4.37382e-13,2.67116e-09,1.37167e-06,0.000187638,0.00944998,0.240608,7.56606,25.7853,130.987,348.967,807.069,1449.55,2477.39,3347.46,4229.22,5061.31,6238.89,6842.6,7201.52,7659.86,8049.95,8431.61,8828.41,8896.52,9101.67,9056.88,9027.39,8974.08,8884.34,8841.38,8735.12,8715.95,8699.38,8778,8914.03,8937.83,8963.2,8984.65,8914.27,8926.69,8761.67,8730.85,8578.09,8509.36,8444.33,8367.14,8375.87,8535.22,8879.15,9276.2,9761.81,10323.5,10894,11519.1,12183.9,12832.8,13380.6,14032.8,14460.7,14971.9,15618.8,16019.9,16496.7,16956,17206.1,17292.8,17415.7,17453.4,17342.1,17336,17266.1,17093,17032.7,16930.2,16876.9,16732.6,16717.4,16732.6,16687.8,16655,16655.8,16754.5,16690.6,16749.1,16787.3,16888.4,17005.2,17143.4,17402.8,17580.6,17965.1,18124.2,18385.2,18658.1,18913.2,19209.6,19603.6,20017,20303.1,20744,21235.2,21745.4,22149.5,22503.5,22900,23166.3,23520.2,23751.3,23961.9,24152.7,24289.4,24291.1,24322.3,24413.9,24401.5,24418.3,24451.7,24396,24539.7,24486.6,24573.2,24531,24556.9,24723.9,24787.1,25016.4,25179.7,25262.1,25394.2,25624.5,25561.4,25615.4,25908.3,25972.6,26159,26380.2,26629.4,26863,27109,27438.7,27655.3,27916.7,28272.3,28718.1,28910.7,29146.7,29773,30146.8,30544.8,30929,31363.7,31601.5,31921.4,32043.5,32469.7,32687.5,33149.2,33189.9,33185.1,33547.3,33541.1,33705.7,33764.1,33770.9,33918,34047.8,34084.6,34437.7,34696.3,34834.2,35199.3,35412.1,35633.6,36105.1,36339.6,36540.8,36996.5,37394.6,37641.8,38166.8,38673.3,39287.5,40010.6,40507.1,41166.8,41897.2,42515.4,43342.8,43791.5,44460,44940.7,45755.6,45877.7,46610.9,2239.06352120309,184.07353788813,progressive_failure
0.48588872,75.9278183,4.848090649,5.208819866,1.124936,0.165992,3.8e-05,0.160166,1.137116,2884.42126,0,-4.69475e-13,0,0,-1.80675e-13,-3.99502e-13,-1.43208e-14,-3.28343e-13,0,2.40448e-07,3.17093e-05,0.00159375,0.0436536,1.63247,8.85488,73.5185,224.215,520.129,955.839,1612.56,2474.61,3179.24,4165.31,4896.38,5265.41,5915.19,5867.73,6423.86,6414.39,6457.31,6697.14,6775.44,6994.74,6938.22,7023.8,7107.55,7060.56,6960.34,6900.06,6877.61,6933.51,6887.69,6923.9,6949.21,7049.03,6974.54,6969.68,7029.06,7009.72,7044.85,7154.25,7113.12,7064.92,7088.74,7137.25,7279.96,7455.75,7767.04,8236.01,8526.73,9083.01,9275.22,9523.58,9986.2,10276.2,10512.1,10753.6,10872,11158.3,11327.6,11676,11901.9,12121.6,12286.7,12460.5,12596.8,12613,12760.2,12816.3,12889.5,12881.1,12821.3,12932,12961.7,12985.6,12986.2,13060.1,13092.4,13186.4,13130.4,13143.6,13329.8,13410.4,13468.1,13384.2,13517.1,13584.5,13686.7,13782.1,13778.6,13825.2,13956.7,14090.3,14212,14397.8,14579.6,14757.8,14985.6,15189.8,15284.3,15569.8,15697.7,15929.6,15935.4,16121.2,16277.6,16385.4,16603.6,16700.4,16907.7,17120.3,17209.5,17500.9,17633.8,17817.9,17938.4,18080.6,18180.4,18409.7,18396.3,18411.4,18504.1,18602,18698.7,18623.5,18772.1,18791.2,18851,19018.6,18996.4,19183.1,19269.2,19321.5,19414.6,19611.6,19870.5,19924.1,20053.7,20270.9,20341.1,20578.2,20680,20703.8,20881.4,20940.7,21231.8,21310.1,21382.5,21630.9,21784.4,22147.1,22245.7,22681.3,22912.7,22969.2,23297.4,23416.1,23626.4,23844.5,23839.4,24254,24345.3,24592.5,24894.8,25043.3,25037.1,25157.9,25446,25508.8,25833.1,25982.1,26195.3,26415.5,26581.2,26743.8,26868.8,26974.7,27275,27465.1,27570.8,28008.5,28294.4,28483,28749.2,29113.4,29511.8,29761.7,30265.9,30417.4,30821.4,31320.2,1454.44153908684,118.903140598056,progressive_failure
0.419915348,78.82322693,55.16219711,11.37147903,1.1816,0.107011,3.2e-05,0.098303,1.186436,763.5656397,0,0,0,0,0,0,-9.89679e-17,-1.30783e-13,0,3.46841e-08,4.31513e-06,0.000205996,0.00433427,0.0469886,0.547333,2.35001,19.7975,92.3673,189.654,394.436,615.308,908.266,1349.09,1947.33,2175.55,2690.55,3289.98,3422.59,3658.05,3993.77,4259.5,4512.35,4638.36,4754.47,4880.95,4941.84,5045.02,5114.65,5166.47,5149.07,5179.26,5177.51,5170.73,5246.68,5226.77,5202.1,5149.04,5107.3,5185.16,5097.59,5053.92,5042.13,5029.85,5008.58,5039.12,5053.07,5048.49,5121.15,5200.53,5251.39,5312.13,5388.1,5520.1,5481.49,5642.17,5794.37,5876.65,5997.32,6155.6,6389.16,6490.31,6647,6843.25,6985.7,7199.05,7317.32,7444.92,7543.58,7700.62,7911.02,7995.47,8078.28,8240.8,8443.5,8439.2,8612.99,8760.58,8883.25,9074.74,9236.83,9270.61,9443.64,9533.45,9553.07,9609.63,9654.04,9730.1,9706.43,9774.91,9796.35,9809.8,9867.1,9835.78,10011.5,9960.07,9918.72,9944.96,9901.09,9904.91,9832.54,9830.53,9825.76,9861.52,9873.5,9878.24,9943.2,9968.41,10006.5,10097.1,10081.9,10172.4,10295.5,10444.7,10554.5,10701.4,10788.4,10873.4,11007.7,11132.2,11252.1,11319.8,11503.2,11561.9,11766.3,11812.6,11918.4,12059.9,12205.8,12333.5,12444.9,12608.2,12762.5,12930.4,13114.5,13236.5,13325.4,13425.9,13516.1,13573.2,13582.9,13754.7,13784.4,13918,14199.5,14076.6,14099.1,14201.6,14271.6,14324.4,14301.6,14407.8,14468.7,14512.4,14727.9,14811.5,15006,14980,14969.2,15036.9,15088.7,15211.3,15277.3,15362.2,15465.7,15612.3,15913.2,15975.8,16189,16223.3,16309.7,16417.9,16587.1,16851.4,17163.2,17380.3,17586.2,17769.1,18344.8,18314.6,18479.7,18652.2,18905.2,18891.5,19052.8,19318.6,19428.9,19682.7,19895.6,20034.8,20244.8,20464.9,931.45240143612,109.166884520585,progressive_failure
0.32082057,21.904459,50.8165741,33.36141586,1.567707,0.035394,2.2e-05,0.024506,1.568106,647.5405095,0,0,0,0,0,0,0,-1.16661e-19,-9.53571e-17,0,1.75996e-08,7.18068e-07,2.01606e-05,0.000287475,0.0156684,0.0418788,2.03819,14.9542,25.3481,33.8507,59.882,94.8534,130.591,180.201,229.394,285.483,334.234,382.536,434.307,506.928,697.152,652.217,740.195,864.938,894.062,954.347,1036.81,1121.75,1224.19,1325.82,1372.43,1403.35,1479.07,1510.17,1559.77,1591.46,1648.87,1653.52,1681.79,1719.69,1737.29,1755.19,1783.02,1873.62,1795.85,1808.44,1834.37,1860.13,1878.85,1903.16,1913.34,1908.17,1901.19,1898.93,1925.52,1895.96,1907.85,1906.96,1923.02,1926.93,1927.87,1919.7,1893.62,1874.12,1884.69,1902.94,1887.9,1941.74,1955.27,1972.15,2008.03,2033.86,2046.1,2069.84,2097.04,2116.05,2157.47,2168.65,2179.42,2186.53,2217.11,2236.24,2259.55,2302.07,2340.39,2488.72,2499.24,2571.74,2622.71,2711.66,2747.6,2760.27,2781.93,2824.71,2916.26,3063.77,3130.09,3157.99,3289.18,3394.23,3565.92,3536.27,3559.25,3750.84,3665.64,3670.13,3759.46,3740.82,3724.29,3727.97,3747.27,3816.45,3885.78,3988.83,3973.97,3936.23,3959.58,3976.12,3968.61,3946.21,3952.02,3966.04,3958.88,3991.87,3990.16,4001.38,4045.22,4103.76,4180.64,4137.16,4116.77,4144.03,4321.42,4157.64,4207.96,4339.08,4318.16,4401.68,4403.62,4430.71,4462.04,4562.58,4690.66,4882.96,4897.59,4866.43,4842.3,4932.39,4928.66,5087.01,5047.85,5040.19,5146.36,5270.06,5486.42,5429.33,5638.03,5719.6,5874.77,5812.73,5791.72,5785.02,5808.6,5848.68,5885.96,5914.08,5959.6,5989.84,6187.3,6243.35,6234.9,6289.36,6303.07,6334.91,6396.59,6486.24,6449.52,6520.59,6600.07,6635.07,6717.93,6761.12,6785.69,6849.49,6897.42,7003.19,7159.97,7077.86,7141.66,7256.99,7282.84,425.696710472836,14.9328637459524,progressive_failure
0.304221421,3.494339705,61.76745605,74.80697632,1.29772,0.020832,2.1e-05,0.017424,1.297887,619.3978562,0,0,0,0,0,0,0,0,0,0,0,1.11592e-08,1.72339e-07,3.60107e-06,6.28764e-05,0.000419654,0.00216469,0.00768136,0.0271284,0.0706939,0.152309,0.817941,16.1835,6.65273,10.6,15.8269,23.6245,34.9741,45.6008,58.5398,75.2479,88.4214,104.772,122.144,138.545,164.934,182.456,219.34,224.792,254.888,277.892,300.379,323.459,346.789,377.99,416.558,451.116,476.468,501.884,525.21,546.31,572.836,591.479,614.465,651.149,684.425,702.589,726.684,762.296,798.012,836.404,824.269,849.614,898.298,941.87,964.311,987.747,1170.1,1053.2,1118.1,1154.1,1194.33,1207,1402.23,1301.93,1294.53,1311.04,1348.25,1335.75,1342.71,1354.32,1396.2,1372.86,1383.27,1499.31,1376.66,1397.51,1455.74,1511.24,1475.04,1449.74,1530.18,1481.16,1462.19,1460.19,1403.39,1427.62,1409.42,1389.79,1408.3,1379.54,1395.82,1481.82,1358.85,1388.38,1408.36,1420.93,1463.97,1739.41,1455.21,1502.82,1521.61,1405.52,1506.87,1433.94,1417.25,1371.32,1469.56,1452.27,1516.19,1560.97,1551.95,1601.11,1642.13,1661.26,1679.61,1800.65,1760.15,1857.97,1875.39,1994.55,2119.47,2278.32,2298.88,2215.37,2372.01,2498.96,2497.24,2539.63,2539.91,2563.7,2521.16,2584.93,2766.01,2978.03,2904.82,3112.51,3003.9,2994.83,3031.88,3085.53,3155.24,3140.97,3086.59,3193.53,3311.28,3295.28,3324.32,3360.76,3351.61,3592.77,3384.49,3270.61,3263.65,3410.99,3297.15,3289.1,3317.35,3396.12,3422.41,3523.21,3690.9,3650.54,3759.01,3789.59,3857.74,4088.75,3909.56,4075.88,4003.6,4054.23,4133.54,4164.98,4247.73,4269.52,4403.16,4370.42,4520.64,4614.96,4771.44,4939.03,5143.57,4976.21,5005.97,5151.1,5185.44,5234.43,5343.66,5414.42,5450.17,5489.74,342.850107708983,53.6694407728955,progressive_failure
0.51437223,14.85686874,69.92314911,78.47147369,1.134842,0.211861,4.1e-05,0.202641,1.154448,1537.912875,0,-1.21655e-19,-9.14817e-17,-1.12235e-12,-6.0437e-15,-3.35324e-13,-2.9467e-13,-3.98009e-13,0,9.50698e-07,0.000122102,0.00633201,0.32614,2.12733,32.7101,96.5835,328.087,788.452,1338.82,2110.6,3338.32,3981.24,5231.48,6581.05,6974.19,7340.85,7596.86,8106.36,8005.15,8064.99,8071.94,8132.15,8141.03,8085.28,8142.38,8176.93,8263.43,8416.11,8507.46,8644.71,8640.68,8665.14,8561.2,8422.88,8425.19,8513.25,8415.79,8375.9,8284.28,8253.57,8228.72,8180.29,8193.83,8321.66,8561.08,8875.84,9186.43,9685.65,10201.1,10801.8,11378.8,11898.5,12405.2,12905.2,13428.6,13980.6,14347.6,14691.9,15114.3,15398.8,15659.9,15839.2,15953.5,16125.4,16102.7,16238.4,16228.7,16307.7,16285,16291.7,16225,16178.4,16164.7,16221.5,16222.7,16116.6,16322.3,16301.4,16404.5,16471.1,16429.3,16451.7,16566.2,16572.5,16573.3,16605.2,16547.1,16644,16810,17165.6,17390,17671.9,18020.7,18347.5,18568.5,18893.7,19178.1,19627.4,19944.1,20195.1,20535.7,20909.9,21047,21445.5,21578.3,21856.5,21975.5,22464,22119.8,22312.4,22356.7,22591.9,22557,22679.2,22689.1,22771.9,22907.9,23166.4,23121,23026.9,23078,23215.1,23391.6,23565.4,23485.9,23504,23570.7,23640.6,23797.2,23791.1,24072.7,24233,24434.3,24580.5,24896.8,25104,25441.4,25760.7,25945.5,26226.8,26622.5,26834.7,26998,27128.5,27329.3,27603.9,27956.2,28226,28597.1,28921.7,29177.4,29407.9,29497.5,29888.6,30147.3,30072.4,30429.1,30517.5,30895,30930.3,31051.6,31183,31327.7,31395.4,31421.4,31582.9,31724.3,31859.3,32183.9,32618.5,32635.7,32814.9,33083.3,33384.1,33711.9,33985.1,34187.7,34480.8,34915.6,35402.2,35823.9,36357.5,36787.3,37279,37889.7,38039.3,38505.9,39014.9,39285.8,39713.4,40008.8,1883.0501219347,129.6756820572,progressive_failure
0.391111553,67.46343994,43.78601074,13.99182606,1.120978,0.077362,2.9e-05,0.07491,1.123644,648.9703813,0,0,0,0,0,0,0,0,8.92927e-12,4.73004e-09,1.19774e-06,6.82387e-05,0.00179296,0.0243508,0.173888,4.35658,26.4664,73.689,170.993,346.045,523.922,776.584,1075.14,1344.98,1651.02,1884.59,2178.27,2407,2719.93,2943.67,3229.57,3438.53,3574.19,3848.25,3944.36,4068.15,4194.58,4152.75,4163.05,4243.01,4174.29,4141.68,4126.94,4073.37,4037.84,4051.97,4001.69,3872.64,3768.93,3726.49,3732.71,3672.83,3711.73,3670.89,3655.47,3677.08,3714.77,3730.18,3777.73,3805.47,3847.04,3894.5,3963.81,3999.44,4096.94,4175.81,4298,4454.15,4550.09,4648.6,4753.54,5017.58,5115.99,5182.17,5337.56,5514.39,5619.88,5803.09,5958.97,6028.45,6060.37,6087.11,6289.13,6337.1,6377.17,6377.71,6517.42,6612.2,6634.54,6581.85,6664.89,6678.75,6703.48,6632.67,6735.14,6724.05,6684.74,6701.76,6715.13,6742.71,6797.66,6948.77,6986.38,6996.32,7044.45,7096.63,7116.12,7174.66,7262.8,7316.14,7322.57,7380.24,7458.6,7508.84,7544.68,7583.49,7688.02,7665.44,7871.1,7956.52,7926.26,8034.09,7975.33,8017.78,8022.6,8162.77,8114.23,8220.75,8193.3,8280.39,8431.28,8444.01,8336.54,8465.76,8507.25,8652.01,8616.65,8700.96,8752.89,8812.43,8795.1,8816.78,8848.59,9001.04,9008.65,9025.68,9067.67,9326.36,9407.71,9349.47,9459.29,9429.27,9435.29,9610.61,9648.94,9676.23,9941.79,9885.7,9983.67,10089.7,10175.5,10227.6,10482.3,10496.5,10641.3,10901,11028,11074.8,11006.2,11138.7,11166.3,11220.4,11287.2,11408.2,11565.8,11558.4,11634.6,11622.6,11764.3,12028.8,11970.8,12055.6,12270.1,12274.6,12263.5,12374.3,12564.5,12669.3,12743.7,12861,12905,13132.8,13227.1,13347.8,13586.1,13727,13613.6,13831.9,13981.1,14166.1,14350.3,635.342782820756,72.8039243639995,progressive_failure
0.578211069,13.75602722,48.49692917,61.40450668,1.214147,0.25483,4.7e-05,0.227819,1.240601,1162.32136,0,0,-3.46331e-14,2.96079e-12,-3.63505e-13,-6.00715e-13,-4.9939e-13,-6.43365e-13,3.64617e-10,2.32659e-06,0.000326228,0.0165815,0.475287,5.87557,49.6754,176.81,437.884,886.397,1720.4,2429.61,3649.14,4731.19,5980.31,6903.32,7885.44,8341.92,8801.66,9157.98,9424.11,9540.13,9653.05,9651.22,9607.38,9494.08,9370.77,9282.06,9255.51,9271.59,9263.57,9249.21,9225.21,9203.67,9124.52,9157.65,9057.63,8999.13,8905.02,8882.66,8915.91,8907.89,8930.36,8972.58,9064.14,9311.59,9657,10021.8,10643.3,11335.5,11945.8,12620.8,13534,14108.7,15005.9,15856.7,16373.1,16981.8,17427.8,17770.6,17903.6,18126,18240.1,18311.8,18325.8,18333.9,18250.4,18248.8,18133.8,18066.5,18020.8,17923.3,17834.3,17677.6,17519.5,17460.4,17349.4,17373,17380.1,17442.8,17542,17675.6,17965.9,18172.4,18594.4,18983.6,19433.8,19906.9,20202,20727.8,20836.9,21243.1,21592.3,21971.8,22355.7,22706.6,22861.6,23301,23676.1,23936.4,24173.5,24390.6,24578.8,24997.8,25082.1,25384.1,25698.7,25872,26074.9,26087.5,25959.2,26075.1,25920,25878.4,25925.6,25919.6,26050,26178.5,26086.4,26279.3,26448.9,26613.9,26772.7,26950.7,27174,27376.1,27662.2,28022.7,28189.4,28370.8,28580.5,28921.8,29127.5,29566.1,29841.5,30226.1,30487,30927.9,31473.3,31765,31889.8,32264,32729.8,33086.7,33397.4,33574,33956.2,34424.1,34593.6,34808.9,35015.4,35213.3,35341.1,35513.9,35495.7,35733.7,35938.7,36014.2,36022.2,36291.2,36848.5,36936.5,37324.3,37640.3,37913.5,38249.9,38537.1,38948.1,39480.1,39598.7,39786,40485.2,41165.1,41863,42306.5,42898.6,43373.4,44017.7,44600.7,45149,45662.1,46105.7,46673.6,47058.8,47512.7,47726,48178.2,48418.9,49030.8,49336.9,49633.8,50163.1,50614.8,2594.98628234657,214.309261641547,progressive_failure
0.457550585,42.03341293,56.62086487,32.82336807,1.099032,0.15326,3.6e-05,0.151366,1.109667,2738.401136,0,0,0,0,0,-2.15826e-13,-6.21792e-15,-8.32958e-15,1.31818e-08,1.87329e-07,3.33111e-05,0.00166513,0.0379875,0.541227,5.98848,40.1996,109.665,357.322,666.783,1070.84,1598.23,2159.92,2781.08,3396.39,4471.17,4616.46,5116.94,5366.5,5753.76,6005.12,6208.71,6400.21,6378.13,6404.76,6403.41,6446.34,6494.43,6612.21,6572.3,6590.96,6628.21,6702.04,6703.59,6712.05,6762.71,6640.31,6583.14,6482.26,6475.15,6482.33,6479.87,6469.2,6433.25,6473.92,6420.45,6492.91,6655.48,6672.9,6792.78,6960.08,7166.58,7472.98,7635.95,7965.79,8359.89,8725.99,9147.93,9483.02,9847.58,10160.8,10703.6,10882.4,11216.8,11461.4,11707.7,11921.5,11961.1,12039.6,12135.5,12181.3,12386,12410.1,12486.2,12611,12665.5,12673.3,12759.7,12804,12781.6,12826.3,12703.7,12764.2,12607.5,12509.1,12447.6,12490.5,12472.1,12432.6,12424.8,12543.8,12762.5,12832.9,13009.3,13110.7,13350.2,13479.4,13583.4,13694,13864.6,14164.7,14383.6,14627,14855.6,15038.3,15306.2,15349.4,15518.6,15574.7,15665.7,15910.7,16217.6,16479.7,16608.6,16789.8,16957.2,17159.1,17294,17439.6,17604.6,17634.2,17603.6,17631.6,17690.1,17732.7,17693,17798.4,17717.5,17712.8,17744.3,17775.3,17975.6,17888.6,17909.1,18050.1,18064.3,18072.1,18124.2,18267.9,18496.2,18557.4,18783.4,18871.1,18887.4,19114.4,19285.5,19470.7,19612.9,19774.5,20095.8,20374.4,20766.6,20900.4,21082.9,21375.1,21540.4,21786.4,22072.1,22241.7,22421.3,22557.5,22685.9,23028.6,23128.1,23249.7,23314.9,23404.2,23526.1,23672.6,23759.2,23937.3,24066.3,24076,24101.1,24411.9,24439.4,24648.7,24778.1,24833.9,24992.5,25111.9,25322.9,25477.8,25832,26036.9,26252.3,26455.2,26885.3,27096.8,27409.6,27750.9,28101.6,1286.53527299824,90.4657534166691,progressive_failure
0.316827297,69.5786972,87.55344391,80.29786682,1.300555,0.032525,2.2e-05,0.027145,1.300962,542.5407341,0,0,0,0,0,-2.54989e-20,0,0,0,1.24081e-09,6.55731e-09,1.42214e-07,5.10582e-06,8.91183e-05,0.000881644,0.00674812,0.0270033,0.102889,0.286458,2.36314,9.85494,17.4274,42.5315,49.3912,74.762,101.64,132.635,166.926,207.835,248.755,296.739,470.928,561.246,545.538,607.943,637.365,702.302,764.125,852.655,894.813,967.203,997.81,1068.99,1168.87,1191.75,1242.09,1287.68,1384.46,1471.72,1524.92,1573.79,1619.76,1661.65,1716.32,1732.08,1776.6,1790.29,1821.23,1901.3,1900.86,1883.23,1914.85,2049.96,1941.99,1963.55,1986.95,2054.66,2079.4,2085.67,2051.97,2037.13,2006.09,2013.15,2036.9,2079.96,2115,2184.53,2118.31,2145.68,2095.49,2075.48,2044.87,2034.4,2018.41,2035.57,2072.45,2045.54,2043.54,2085.02,2037.96,2098.93,2053.65,2118.55,2113.95,2060.52,2121.92,2068.04,2129.61,2138.69,2182.11,2196.62,2309.08,2301.26,2291.11,2307.89,2361.86,2416.78,2444.05,2468.19,2515.93,2731.36,2580.42,2583.3,2644.23,2692.37,2750.55,2861.44,2945.29,2980.93,3031.18,3130.72,3260.9,3335.8,3429.89,3469.97,3540.33,3633.76,3646.52,3692.41,3734.04,3779.88,3797.16,3976.93,4095.6,3917.64,3977.06,4054.8,4113.3,4153.66,4136.5,4143.48,4086.38,4162.93,4209.38,4263.51,4260.47,4276.17,4292.71,4370.71,4370.44,4434.67,4576.27,4514.03,4511.72,4576.85,4646.51,4694.4,4717.53,4696.75,4680.82,4635.59,4595.33,4686.17,4750.84,4815.71,5030.72,5036.04,5098.94,5091.85,5057.32,5193.31,5199.33,5259.77,5239.15,5269.03,5609.68,5331.23,5391.25,5435.36,5470.86,5569.69,5690.56,5766.37,5819.55,5905.82,5924.98,6035.74,6114.92,6162.16,6165.04,6279.92,6405.91,6545.17,6729.72,6939.2,6885.69,7074.73,7074.54,7345.48,7365.02,7706.47,424.751551957729,25.0422611287453,progressive_failure
0.471959889,32.47337341,82.49176788,32.01476288,1.100401,0.148887,3.7e-05,0.146864,1.110427,1639.51354,0,-1.52823e-12,0,0,-2.24138e-14,-2.71639e-13,-1.11064e-12,3.19217e-12,-7.22926e-11,2.26288e-07,2.79265e-05,0.00139938,0.0312469,0.334078,15.4954,21.197,120.415,265.241,503.892,840.696,1310.36,1781.29,2549.8,3248.34,3960.59,4321.63,4853.29,4992.66,5233.73,5459.14,5745.72,5809.44,6065.15,6210.38,6409.23,6601.77,6727,6771.49,6754.65,6669.77,6638.37,6526.2,6525.66,6395.45,6368.01,6368.41,6308.76,6365.65,6318.91,6342.77,6344.61,6310.65,6349.4,6382.03,6359.05,6404.64,6388.58,6385.51,6454.25,6595.47,6691.12,6831.08,7085.25,7380.71,7585.94,7904.82,8172.54,8498.4,8768.48,9172.01,9475.85,9900.48,10118.1,10434.5,10771.4,11135.6,11289.2,11463.4,11589.3,11819,11724.9,11844.2,12004.9,12060.2,12134.9,12100.8,12331.2,12416.9,12308.4,12329.9,12309.8,12246,12179.3,12189.9,12079.7,12079.8,12025.1,12084.5,12113.3,12125.8,12141.9,12262.8,12442.2,12527.4,12538.6,12678.8,12740.8,12849.9,12968.6,13152,13299,13465.5,13723.3,13897.9,14175.4,14491.2,14567.6,14680.5,14974.2,15008.4,15239.4,15526.6,15721.5,15956.9,16139,16270.4,16299.3,16366.2,16698.1,16692.8,16675.1,16857.8,16964.8,17082.9,17169.9,17279.4,17280.2,17145.4,17136.1,17195.7,17276.3,17299.6,17380.4,17409.3,17520.5,17696.3,17810.8,17964.9,18192.5,18380,18535.5,18617.6,18791.6,18852.3,18942.9,19054.1,19175.1,19304.3,19652.4,19786.7,19973.5,20123.3,20225.9,20391.8,20566,20704.7,21004.2,21293.6,21541.4,21762.8,21981.7,22154.1,22405.1,22597.7,22856.6,22970.5,23250.1,23401.6,23674.5,23940.5,24140.2,24432.9,24568.1,24702.1,24968,25116.8,25176.6,25318.5,25619.8,25994.6,25879,26286,26599.1,26782.5,27070.2,27454.4,27615,27917.5,27899.8,28307.8,28816.2,1374.75493158109,148.731026514319,progressive_failure
0.422446102,19.91313744,38.458992,82.12359619,1.387022,0.10449,3.2e-05,0.081772,1.390952,907.9407892,0,0,0,0,-9.98564e-13,-2.94457e-13,-2.00137e-13,-7.56741e-13,0,3.17987e-08,3.09286e-06,0.000161944,0.00388127,0.048056,0.408544,2.41515,13.7044,55.6218,108.377,234.268,366.953,551.556,874.936,1122.46,1435.82,1978.68,2047.54,2501.61,2831.8,3083.15,3533.37,3791.9,3930.88,4235.4,4241.14,4506.48,4442.94,4669.92,4830.86,5140.13,4996.92,4992.47,4947.29,4911.99,4935.24,4919.08,4933.22,4936.55,4974.8,5010.28,4976.19,4982.46,5007.52,5196.64,5081.32,5157.85,5062.85,5097.35,5062.85,4999.88,4989.11,4968.03,4935,4966.83,5064.91,5082.67,5277.09,5259.61,5337.53,5488.37,5518.23,5584.83,5737.49,5782.81,5901.38,6060.83,6167.66,6306.68,6417.68,6580.64,6715.17,6867.27,7066.02,7206.74,7395.71,7544.46,7709.73,7965.89,8235.13,8442.02,8755.83,8728.75,8880.33,9009.8,9067.01,9262.8,9441.93,9571.7,9594.88,9650.45,9742.46,9814.57,9838.61,9869.75,9778.01,9856.24,9789.9,9793.02,9761.51,9690.63,9651.05,9654.47,9709.07,9699.32,9720.04,9730.52,9638.22,9664.29,9743.55,9724.03,9749.73,9720.9,9821.04,9904.84,9988.29,10005.1,10138.9,10261.7,10476,10639.4,10732.2,10837.7,10978.7,11124.9,11390.7,11461.7,11669.7,11894,12051.5,12300.4,12664.1,12923.5,13079.7,13278.6,13412.6,13522.3,13572.7,13759.1,13897.4,14020.9,14019.5,14084,14060.2,14148.5,14142,14190.2,14362.6,14489.9,14420.2,14498.9,14459.1,14652.8,14606,14694.5,14712.4,14757.5,14897,14931.6,15016.9,15037.1,15129.9,15253.8,15349.8,15481.1,15653.7,15677.7,15901.2,16149,16378.3,16627.4,16937.6,17059.2,17502.5,17646.9,17941.1,18104.4,18338.7,18634.8,19071.1,19317.4,19546.9,19784.2,20102,20220.2,20250.4,20427,20508.8,20722.2,20714,21011.3,21019.3,1057.44268256334,117.276406501084,progressive_failure
0.417912781,74.17012024,33.79835892,40.42435074,1.36555,0.096743,3.2e-05,0.076899,1.368973,1407.851702,0,0,-1.92284e-16,0,-1.75219e-13,-1.30058e-13,0,-7.28141e-16,0,3.53325e-08,4.37583e-06,0.000229561,0.00482691,0.0617652,0.484454,6.95356,14.2947,52.4038,116.522,212.768,368.208,565.314,785.238,1065.18,1271.91,1539.13,1877.96,2153.54,2379.78,2676.27,3063.88,3153.26,3541.3,3674.05,3886.72,4015.35,4162.03,4302.79,4406.69,4437.75,4513.15,4505.7,4539.47,4578.25,4542.43,4609.95,4634.25,4673.05,4659.23,4653.51,4685,4663.07,4641.13,4631.79,4565.08,4523.17,4455.86,4423.4,4449.63,4392.68,4324.84,4368.39,4373.55,4445.76,4415.04,4455.79,4493.6,4604.99,4660.4,4774.3,4846.41,4960.52,5156.69,5186.93,5334.01,5458.17,5609.68,5816.81,6014.31,6188.52,6508.68,6610.6,6902.76,7013.32,7160.35,7323.72,7478.69,7590.58,7699.96,7811.89,7933.6,8035.45,8163.18,8123.27,8107.95,8300.99,8307.07,8383.03,8405.78,8626.66,8586.2,8758.55,8818.76,8904.1,8942.65,9082.84,8956.77,8879.05,8915.03,8968.78,9014.65,9018.63,9031.37,9104.57,9161.87,9188.69,9411.19,9370.87,9369.96,9421.85,9590.92,9640.58,9763.79,9808.77,9929.79,10006.4,9963.64,10163.1,10198.9,10400.6,10419.5,10569.5,10648.2,10673.9,10835,11002.6,11016.9,11108.6,11138.5,11325.9,11294.2,11320.9,11542.4,11694,11840.8,11956.6,12098.6,12429.4,12457.2,12643,12522,12908.9,13019.6,13029.2,13176.9,13430.5,13442.4,13620.1,13615.5,13705.5,13765.8,13730.9,13830.3,13855.9,13830.9,14048.9,14068.6,14231.2,14302.6,14351.3,14425.1,14474.1,14652,14792.3,14994.4,15004.8,15060.7,15226.1,15438.3,15623,15725,15846.2,16053.8,16233.7,16478.8,16529.3,16711.2,16934.5,17180.5,17428.4,17644.8,17985.6,18094.4,18254.7,18472.5,18536.2,18831.7,19020.6,19275.5,19437.9,19773.1,968.430401707086,93.1754032049236,progressive_failure
0.482964993,29.47381783,44.10515213,40.57595825,1.12499,0.176545,3.8e-05,0.17034,1.138758,4178.086376,0,-1.61671e-12,-1.16664e-12,-3.2982e-16,0,0,0,0,0,3.65976e-07,4.77902e-05,0.00232424,0.0482949,0.51931,3.02335,34.6803,216.126,418.888,629.448,1249.73,1553.46,2122.43,2808.91,3700.85,3915.66,5068.6,5052.83,5837.48,6043.59,6413.97,6730.01,6829.97,6969.09,7093.37,7214.42,7280.78,7350.19,7363.24,7411.61,7361.82,7359.71,7382.47,7437.23,7476.56,7498.53,7584.23,7601.97,7571.2,7604.07,7576.81,7538.59,7555.02,7514.09,7456.64,7429.59,7316.65,7285.83,7291.65,7434.7,7562.18,7767.81,7889.69,8261.4,8588.84,8942.5,9450.24,9880.85,10188.2,10721.7,10895.4,11366.5,11615.3,11951.2,12234.5,12681.8,12858.1,13103.9,13268.7,13476,13708.3,13846.1,13993,14262.2,14262.9,14435,14553.3,14593.1,14614.2,14688,14741,14753.4,14648.5,14602.9,14509.2,14388.1,14298.4,14216.2,14209.3,14214.4,14136.7,14079.7,14147.9,14215.6,14469.1,14427.6,14590,14701.8,14907.6,15201.8,15492.9,15794.9,16001.9,16429.1,16537.1,16721,16976,17316.8,17605.3,17834.6,18096.4,18353.2,18571.6,18763.7,19333.9,19214.1,19379,19525.3,19724.8,19822.2,19909.7,20017.7,20096,20215.4,20641.1,20567.3,20549.9,20532.9,20479,20470.1,20538.3,20588.6,20704.2,20671.3,20854.3,21001.6,21095.3,21246.3,21450.5,21603.5,21757.3,21905.5,22144.1,22252.3,22533.5,22675.4,22975.2,23174.8,23466.1,23685.7,23955.9,24164.3,24495.6,24752.5,25163.6,25374.6,25638.1,25934.3,26190.3,26546,26830.1,27031.7,27129.3,27258.5,27451.4,27540.1,27691.4,27734.1,27860.3,28051.8,28193.1,28390.6,28459.8,28534.9,28715.4,28983,29049.6,29365.1,29697,29955.8,30382.6,30541.2,30856.6,31112.4,31354.5,31822.3,31906,32359.2,32847.1,33232,33749.7,34099.7,1639.54819130199,145.776609558968,progressive_failure
0.345954031,10.57884312,37.2110672,55.64791489,1.213702,0.036558,2.6e-05,0.032695,1.214253,977.7455308,0,0,0,-1.04228e-13,-9.02945e-13,0,0,0,-1.97299e-13,0,1.19481e-08,1.27955e-06,2.85897e-05,0.000330093,0.00209525,0.00868518,0.0272007,0.0998298,0.273489,8.01637,8.59871,12.3916,17.4097,29.2667,42.2622,63.3663,86.3813,105.313,134.153,187.338,213.535,254.857,300.082,355.167,411.254,461.321,511.704,593.691,651.121,726.232,827.875,940.477,1194.44,1074.16,1137.43,1197.71,1279.99,1325.32,1390.68,1466.17,1490.11,1546.23,1598.91,1657.68,1734.48,1807.12,1885.07,1947.16,2021.97,2126.71,2127,2397.74,2232.76,2266.11,2309.92,2338.62,2344.7,2341.75,2407.82,2372.74,2403.85,2416.97,2475.53,2496.99,2631.16,2523.44,2536.16,2561.51,2551.29,2520.42,2515.42,2499.87,2479.84,2437.23,2413.53,2392.53,2427.79,2405.12,2421.94,2360.72,2445.5,2390.58,2372.25,2356.95,2398.63,2441.51,2400.68,2385.12,2384.2,2382.6,2378.55,2381.6,2453.87,2429.79,2451.84,2553.57,2445.78,2422.2,2401.14,2415.21,2435.46,2418.17,2458.72,2475.21,2495.36,2507.93,2544.46,2589.83,2660.9,2881.38,2868.02,2879.91,2962.29,3020.82,3091.63,3207.53,3287.22,3309.84,3372.67,3441.45,3572.49,3653.14,3712.35,4115.77,3934.89,4088.4,4137.38,4341.87,4280.24,4310.81,4427.16,4506.07,4670.77,4712.77,4810.9,4880.83,4927.94,4913.74,5039.01,5233.01,5183.83,5345.4,5377.42,5346.35,5275.24,5292.36,5349.48,5298.05,5434.73,5378.29,5508.05,5409.14,5526.3,5452.59,5490.4,5455.07,5446.28,5496.88,5870.49,5581.14,5630.5,5647.97,5740.03,5798.69,5801.67,5968.89,5996.4,6058.42,6387.75,6332.79,6479.13,6668.31,6824.71,7086.27,7363.06,7468.65,7605.44,7881.57,8095.74,8309.18,8431.33,8845.08,8776.74,8946.17,9054.51,9155.88,9338.93,9439.27,9551.22,9683.34,9833.3,571.740207288985,99.9097414440708,progressive_failure
0.399252504,31.00053787,34.31385803,6.039903641,1.00428,0.095574,3e-05,0.103299,1.008818,1665.216168,0,0,0,0,-2.24581e-13,-2.84212e-13,-6.60402e-15,-4.74982e-14,0,2.29766e-07,3.88998e-05,0.00208764,0.052182,0.696027,34.95,144.002,853.768,1381.07,2411.42,3187.43,4646.34,5303.22,5039.58,5237.98,5563.22,5550.88,5485.9,5496.58,5477.96,5465.31,5503.8,5546.96,5790.41,5315.32,5354.66,5476.41,5380.32,5466.7,5554.04,5557.17,5529.13,5650.15,5572.48,5644.06,5741.69,5632.39,5682.33,5754.08,5926.74,6084.54,6465.94,6649.95,6863.73,7145.78,7362.04,7556.86,7651.33,7703.57,7871.81,7921.94,8095,8141.49,8159.2,8206.87,8198.62,8214.58,8210.04,8166.43,8263.59,8313.1,8302.1,8276.68,8241.75,8150.48,8093.8,8103.09,8059.92,8035.99,8042.05,8083.14,8074.34,8044.43,7994.61,7979.22,7930.22,7888.65,7889.99,7914.05,8110.23,8154.91,8119.58,8278.26,8364.82,8391.1,8479.45,8548.13,8626.72,8705.99,8702.44,8711.35,8852.78,8895.3,8968.51,8933.78,8955.48,8952.57,9043.81,9043.36,9174.93,8958.82,9004.27,9066.08,9107.75,9243.35,9367.67,9246.98,9327.54,9230.24,9194.87,9243.07,9251.72,9285.4,9363.03,9420.37,9491.72,9574.84,9585.17,9590.8,9726.29,9693.2,9641.82,9650.34,9623.76,9966.96,9840.07,9958.56,9902.4,10011.8,10137.1,10154.3,10260,10269.6,10383.5,10274.7,10323.1,10375.5,10548.7,10540.8,10479.2,10399.6,10395.5,10357.6,10571.1,10701.2,10769.9,10846.4,10929.6,11136.5,11245,11332.5,11384.3,11347,11427.7,11357.2,11306.3,11531.3,11540,11633.5,11758,11854.6,11902.7,11910,11929.7,11979.9,12081,11988.5,11995.9,12092.6,12166.7,12224,12149,12359.1,12353,12574.6,12576.3,12519.4,13264.5,12661.6,12887.2,13038.1,13187.7,13276.1,13356.7,13496.7,13683.3,13859.7,13912.6,14133.5,14366.1,14580.4,14759.2,482.078830104322,49.0038032568067,progressive_failure
0.570430636,52.97238922,23.18235588,77.610466,1.1629,0.267539,4.7e-05,0.249721,1.193278,3901.573184,0,-3.39601e-13,-4.4242e-12,-1.00034e-12,-5.24959e-16,-1.21637e-13,-7.09015e-14,-1.2177e-12,1.8662e-08,3.50184e-06,0.000440388,0.0237151,2.35668,5.19074,52.7782,242.701,669.384,1396.13,2443.67,3997.26,6613.79,6566.55,7021.93,7693.88,8488.3,8741,8897.9,9508.87,9444.88,9474.07,9638.38,9815.67,9886.29,10088.9,10223.6,10321.2,10354.4,10419.1,10417.3,10487.8,10229.2,10110.5,10157.1,10001.7,9861.65,9816.4,9680.71,9781.48,9599.09,9674.92,9829.91,9973.58,10322.1,10951.1,11454.2,12126.5,12621.2,13377.8,14155.6,14923.9,15606.6,16341.4,17112.4,17667.4,18160.9,18491.7,18938.5,19261.3,19486.1,19674.2,19864.4,19856.5,20096.5,19887.8,19766.1,19600.5,19558.9,19467.8,19428.4,19513.2,19386.3,19391.2,19307.7,19567.3,19328.7,19312.7,19446.8,19698,19803.4,19843.6,20083.9,20144.5,20230.4,20485.3,20733.8,21158.2,21648.9,21865.1,22434.9,22926,23302.5,23719,24105.3,24409.4,24889.3,25325.3,25587.4,25861.9,26210.3,26482.5,26712.7,26884.8,26978.7,27031.8,27238.7,27232.9,27429.7,27531.4,27485.8,27522.6,27593.9,27680.3,27764.7,27708.1,27935.7,27773.5,27909.6,27888.9,27871.6,28030,27958.6,28027.5,28179.6,28392,28597.2,28857.7,29178.8,29303.7,29610.6,29958.3,30322.3,30481.1,30732.9,31092.8,31550.9,31931.8,32288.2,32637.4,33023.6,33503.7,33808.5,34115.4,34439.1,34727.9,35101.6,35360.7,35702.8,35923.8,36066.7,36164.8,36360.2,36593.5,36921,37100.4,37113.2,37402.7,37301.8,37582.7,37722.6,38096.8,38135.5,38484,38641.9,39140.8,39355.3,39564.7,39868.5,40209.6,40630.7,40927.3,41331.9,41815,42385,42863.4,43493,44001,44425.7,44919.9,45759.3,46143,46854,47556.8,48097.7,48581.8,49013.9,49626.4,49727.1,50236.3,50454,50711.3,51287.6,2456.22854626744,209.113069544041,progressive_failure
0.401365489,37.57564163,55.32476044,23.74484634,1.077911,0.106679,3e-05,0.107425,1.083177,4392.214126,0,0,0,-1.37935e-19,0,-2.17841e-15,-3.25218e-14,-5.07953e-14,2.0239e-09,2.65249e-07,7.5438e-06,0.000393256,0.00924249,0.282949,1.8325,10.5097,73.2941,172.482,314.771,580.008,936.512,2389.05,1873.8,2338.86,2813.12,3100.48,3879.63,3865.39,4191.32,4367.57,4638.47,4611.57,4703.48,4808.62,4942.16,4933.61,5167.96,4983.76,4944.68,4932.58,4889.16,4800.31,4839.48,4793.38,4779.13,4749.07,4731.08,4690.41,4700.32,4767.62,4770.44,4808.54,4810.38,4789.94,4802.44,4872.73,4956.21,5031.61,5302.24,5269.47,5368.12,5456.31,5628.98,5801.1,5846.72,6055.16,6239.91,6377.59,6663.57,6815.32,6972.15,7128.1,7425.73,7582.21,7763.69,7904.11,8133.38,8303.15,8460.47,8645.12,8774.71,8824.55,8829.22,8898.79,8955.97,8899.32,8962.99,8997.12,8981,9008.83,9064.62,9094.68,9181.56,9154.08,9171.11,9166.96,9081.58,9016.15,8956.06,9000.44,9023.78,9077.1,9045.05,8986.01,9080.6,9192.97,9255.17,9208.42,10154.3,9411.52,9474.57,9480.1,9654.89,9888.98,10052.3,10115.8,10292.9,10407.9,10350.4,10554.5,10693.5,10968.8,11098.9,11177.3,11308.2,11396.3,11436.2,11528.3,11722.8,11779.4,11944.4,12221.9,12245.9,12381.8,12477.7,12616.8,12744.9,12774,12851.6,12884.9,12894,13026.8,12994.1,12963.4,13031,13093.1,13142.6,13232.2,13377,13398.7,13401.6,13338.7,13345.9,13404,13442,13628.5,13597.3,13645.8,13716,13720.8,13812.8,13932.6,13994.7,14124.5,14227.7,14402.2,14420.1,14517.8,14737.7,14858.4,15027,15328.6,15441.5,15498.1,15735.8,15805.2,16052,16226.8,16477.8,16531,16861.2,17042.8,17277.7,17459.1,17642.7,17476.9,17596.3,17796.2,17823.8,18051.3,18078.9,18150.7,18315.4,18402.5,18427.9,18495.3,18577.8,18699.1,18901.2,19206.2,19264.3,890.02305107709,84.649752877514,progressive_failure
0.497908533,11.50363064,51.60647583,16.79600143,1.060159,0.176377,4e-05,0.180585,1.07473,3539.816658,0,-3.37773e-14,-6.46615e-19,0,0,-3.67448e-14,-3.99859e-13,-8.44094e-13,4.26603e-09,1.454e-06,0.000155345,0.00787886,0.146417,2.07284,62.3477,191.155,630.025,1402.12,2838.79,4282.97,4608.17,6132.49,6534.03,6738.09,7096.74,7909.64,7740.26,8133.04,8061.85,8316.23,8052.65,8227.32,7955.44,7825.34,7779.87,7739.06,7764.71,7729.18,7707.92,7739.6,7697.63,7705.43,7740.52,7696.96,7752.01,7810.92,7805.23,7879.39,7996.66,8147.11,8448.41,8741.63,9109.74,9567.11,9882.68,10461.1,10719.1,11237.3,11661.5,12189.2,12694.2,13073.7,13448.8,13788.9,13945.5,14036.6,14006,14080,14199.2,14193.6,14232.1,14412.2,14452.6,14420,14514.1,14471.3,14532.7,14524.3,14484.5,14502.1,14516.3,14581.9,14366.4,14395.7,14347.7,14447.6,14490.3,14582.7,14651,14813.1,15223.3,15039.5,15152,15331.7,15463.5,15599.4,15799.3,16029.9,16298.7,16591.5,16572.8,16632.1,16718.4,16774.5,16735.1,17029.7,17262.1,17423,17416.1,17550.7,17490.5,17503.9,17650.4,17818.2,17968.5,17999.5,18085.5,18082.8,18052.7,18053.9,18022.2,18049.2,17857.2,17854.9,17821.7,17738.5,17817.7,17966.7,18137.1,18322.7,18449.6,18580,18726,18849.5,18851.5,18890.4,18978.2,18960.5,19004.8,19065,19187.5,19311,19549.7,19668.8,19788.5,19911.8,20055.3,20225.5,20405.2,20584.2,20734.4,20924.8,21103.3,21294.4,21299,21473.7,21746.5,21836.4,21897.5,22079.7,22334,22614.6,22690,22857.5,22969.5,23033.1,23009.7,23136.5,23124.5,23258.2,23241.9,23537,23688.2,23883,23764.9,23912.2,24027.8,24173.2,24414.2,24658,24794.7,24982.2,25294,25592.1,25688.3,26070.2,26278.2,26516,26760,27058.1,27482.8,27547.1,27990.3,28074.1,28642.6,28626.5,28911.3,29167.9,29551.4,29939.5,30182.9,1157.24078038206,129.192024836013,progressive_failure
0.528548479,6.301333904,28.16880035,6.534354687,0.838959,0.160445,4.2e-05,0.207585,0.854163,3317.149027,0,0,0,-2.02571e-16,-5.2929e-16,-2.05134e-12,2.9316e-08,-5.19403e-13,0,1.53048e-05,0.00217109,0.112458,6.34502,82.3435,638.584,2216.23,4758.14,7431,8261.48,9074.43,9208.77,9520.34,9781.89,9747.31,9617.7,9704.98,9775.54,9877.2,9807.62,9745.21,9852.21,10019.4,9884.64,9902.08,10003.8,9998.49,9927.68,9679,9572.34,9527.5,9684.78,9751.66,10073.3,10826.6,11509,12813.5,13864.2,14771.9,15362.7,15882.3,16285,16404,16662.2,16547.4,16621.4,16578.4,16705.2,16705.6,16184.3,16191.3,16234.9,16199.1,16096.2,16032.4,16080.5,15959.5,15803.9,15600.1,15433.5,15152.1,15040.1,14924.2,15100.1,14912.1,14785.8,14422.6,14047.3,13563.5,13195.6,12444.4,11755.7,11157.5,10628.7,10180,9692.38,9583.26,9440.83,9221.08,9546.55,9976.94,10192.7,10843.4,10985.6,11356.3,11447.5,11276.2,11327.5,11209.4,11184.5,10969,10500.4,10000.6,9801.8,9650.89,9548.31,9902.23,10195.1,9951.45,10665.1,9903.68,9709.17,9738.25,9805.76,9934.22,10143.5,9974.56,10270.5,10101.9,10090.6,10411.5,10468.3,10656.2,10417.6,10332.2,10789.4,9994.84,9933.57,10281.8,10288.2,10139.1,10648.4,10858.1,11806.2,12255.5,12047.9,12447.3,13523.4,13555.7,13776.8,13983.5,14290.4,14789.7,14636.4,14980.7,15184.2,16028.2,15610.4,15925.7,16588.7,16579.1,16760,17719.7,17392.9,17285.3,17768.2,17877.4,17506.2,17811.3,17987.4,18447.5,18763.5,19514.4,19877.1,20812.4,20604.3,22141.2,20795.2,21585.8,21466.3,21490.1,21793.3,22298.4,22152.2,22353.5,22601.7,23592.4,23098.4,23520.9,23977.8,24390.7,24621.8,25069.1,25218.2,25231.9,26630.9,26290.4,26626.1,26728.4,27066,27321.3,27858.4,28211.5,28890.8,29544.4,29597,30063.3,30665.3,30634.5,31347.6,32354.8,33113.6,1794.8524095651,432.368903442164,densification
0.502946496,89.74551392,13.7792654,65.90122986,1.09969,0.180005,4e-05,0.177674,1.114325,1523.994267,0,-1.17985e-13,-1.18852e-14,0,0,0,-4.10582e-14,-8.2197e-14,0,5.27345e-07,6.38461e-05,0.00329506,0.0892266,0.947992,19.6331,40.8407,173.924,518.665,895.08,1537.32,2212.44,3153.9,3891.28,4831.85,5345.04,6199.76,6218.26,6425.86,6648.32,6897.74,7077.7,7281.67,7319.43,7427.59,7463.95,7550.73,7697.94,7770.17,7787.69,7829.23,7838.5,7806.69,7806.78,7704.88,7643,7601.91,7544.65,7456.64,7481.58,7445.88,7505.27,7405.57,7370.43,7310.34,7370.12,7421.12,7568.54,7839.44,8179.03,8561.54,8927.63,9398.54,9874,10342.2,10866.3,11278.4,11786.2,12079.5,12420.4,12826.9,13152.3,13309.4,13670.7,13935.9,14084.8,14067.7,14172.7,14283,14276,14298.5,14430,14415.8,14282.9,14329.7,14406.5,14368.4,14461.2,14422.8,14436,14408.8,14257.7,14233.1,14263.9,14205.8,14194.7,14207.4,14222.4,14256.3,14315.9,14420.6,14589.3,14831.9,15014.8,15175.7,15393.2,15631.6,15904,16280.1,16606.8,16752.1,17004.8,17256.6,17578.2,17700,17959.7,18154.3,18422.5,18456.8,18678.3,18811.3,18977.3,19061.7,19053.3,19106.9,19204.2,19447.7,19514.9,19695.4,19680.4,19757.4,19780,19768.1,20055.4,20130,20219.3,20483.6,20367.3,20610.2,20503.5,20741.4,20754.9,20874.2,21176.2,21117.9,21268.2,21343.3,21399.9,21587.2,21663.2,21852.2,21928.9,21944.6,22049,22231.9,22460.2,22618.2,22907,23040.4,23313.7,23520.3,23682.8,23885.4,24195.3,24423.7,24587.5,24929.7,25155.4,25677.1,25819.7,26063.6,26330.9,26659.3,26928.7,27108,27393.9,27516.3,27811.4,28050.3,28216.9,28409.2,28482.4,28813.6,29137.7,29133.5,29303.4,29494.5,29594.4,29735.9,30069.7,30242.4,30495.4,30797.1,31154.3,31414.4,31817,32159.3,32684.8,32966.6,33453,33833.2,34235.5,1594.20296707763,149.313624643899,progressive_failure
0.557103038,36.0379982,54.32806396,56.47241974,1.186217,0.2496,4.5e-05,0.228398,1.212192,2958.991863,0,-6.87347e-12,0,0,0,0,-4.23619e-14,0,0,2.70498e-06,0.000320327,0.0173617,0.323622,12.6057,38.8766,278.22,549.01,1181.72,2017.52,3465.08,5140.96,5202.62,6644.19,7057.7,7865.61,8221.8,8560.58,8877.88,9115.52,9315.94,9421.07,9435.79,9565.47,9568.09,9488.19,9504.97,9467.3,9438.2,9490.32,9576.37,9518.12,9434.68,9317.17,9229.44,9178.55,9205.47,9128.47,9196.61,9130.7,9128.87,9147.72,9244.14,9466.53,9951.13,10428.7,10928.2,11397.8,12053.9,12796.1,13163.9,13839.8,14393.7,14981.5,15698.8,16251.2,16974,17317.7,17730.9,17964.5,18118.6,18157.4,18357.5,18362.6,18334.1,18380.5,18375.9,18293.9,18278.8,18134.1,17980.6,17857.7,17802.8,17727.4,17830.4,17862.6,17894.6,17966.6,18037.1,18078.8,18210.1,18406.4,18516.9,18661,18848.2,19108.5,19362.8,19889.8,20045.3,20345.3,20783.9,21070,21529.1,21989.6,22507.7,22952.7,23492.5,23900.4,24330.5,24549.9,24827.6,24753.1,24994.8,25080.5,25235.8,25240.4,25151.4,25330.3,25495.4,25623.1,25838.2,25834.6,25991.3,26145.1,26106.2,26159.2,26269.1,26417.7,26337.9,26480.9,26380.6,26524.8,26699.4,26821.9,26902.3,27047.9,27092,27346.1,27428.1,27634.5,27997.3,28184.8,28501.8,28754.3,29032.9,29497.1,29799.9,30122.8,30563.1,30917.7,31158.8,31680.2,32008.7,32364.6,32654.7,33110.9,33481.6,33821,34082.5,34516.8,34506.1,34882.9,34838.2,34978.5,35342.3,35348.4,35625.4,35667.3,35883.9,35967.1,36135,36267.2,36310.7,36473.2,36672.1,36716.9,37145.8,37118,37511.6,37812.1,38142.1,38638.4,39055.7,39671,40194.8,40739.8,41179.7,41636.5,42225.1,42749,43423.3,43947.3,44131.5,44732.8,45182.7,45483.6,46139,46324.5,46817.8,47296.9,47402.1,47809.5,2341.6215553448,164.999666915649,progressive_failure
0.593798161,42.71842575,50.37398911,55.96312332,1.238738,0.308633,4.9e-05,0.270441,1.276607,4939.93935,0,-1.52674e-12,-1.5501e-20,2.29437e-10,-8.36163e-14,-1.17794e-13,-2.2099e-13,0,1.35738e-08,7.66642e-06,0.00107187,0.0732551,1.60909,30.9624,144.712,464.992,1170.94,2231.84,3687.57,5710.21,7140.23,7696.43,8789.77,9471.54,9675.73,9940.71,10175.6,10402.4,10534.1,10516,10634.8,10627.1,10749.7,10809,10826.5,10721.6,10765.8,10695.6,10792.5,11035.5,11077.3,11253.5,11300.8,11140.1,10846.6,10713.1,10523,10473,10655.4,11235.3,11380.1,11888.3,12770.3,13431.5,14615.7,15376.5,16222.9,16967.7,17635,18718.2,19552.3,20446.1,20878.8,21390.1,21644.3,21764,21542.1,21568.2,21298.5,21272.2,21101.9,21147.1,21068.2,21208.1,21196,21247.9,21443.6,21466.4,21462.5,21512.8,21716.2,21525.9,21565.8,21559.1,21496.1,21865.2,21939.3,22395.5,22672.9,23075.7,23699.3,24314.1,24869.6,25309.2,25969,26516,27000.5,27552.3,27915.2,28424.7,28799.3,29089.6,29076.6,29383.7,29662.5,29668.6,29700.8,29763.3,29905.9,29979,29925.7,30008.2,30130.1,30193.6,30300.5,30333.9,30255.7,30283.9,30262.2,30278.1,30294.5,30339.1,30649.9,30793.6,31042.7,31466.5,31711.7,32457.4,32372.9,32623.7,32768.2,33137.7,33440.5,33771.5,34111.8,34463.9,34811.8,35198.9,35479.2,35769.8,36115.8,36541.3,36862.9,37195.6,37501.6,37882.7,38283.6,38560.7,38661,38925.1,39089.5,39309.6,39512,39650,39792.2,39883.9,40225.4,40364.4,40774.7,40722,41345.4,41481.7,41669.8,41940.5,42432.4,42752.3,43056.9,43205.7,43296.9,43600,44015.3,44496.5,44974.8,45427.2,45703.5,46000.5,46615.2,47550.8,47551.9,48278,48663.2,49287.5,49975.3,50746.1,50976.2,51497,51994.8,52232.2,52951.3,53324.9,53725.7,54141.5,54602,55389.5,55607.8,55963.3,56506.8,56616.8,57120,57391.1,58163.9,2801.78991329088,223.690995440145,progressive_failure
0.474153221,53.14126587,87.32904816,19.26299095,1.126511,0.152811,3.7e-05,0.147242,1.136828,3272.87957,0,1.76934e-11,-3.75091e-12,-1.15175e-15,-2.8104e-14,-2.7926e-14,-7.49444e-14,-1.61522e-12,-9.4599e-13,2.98745e-07,2.90626e-05,0.00149527,0.0356465,0.44895,17.2054,42.1399,111.204,271.901,558.421,974.615,1466.8,2180.4,2830.07,3474.47,4244.23,4881.46,5269,5460.8,5754.84,5978.94,6356.14,6367.16,6423.74,6835.69,6459.48,6490.45,6509.49,6367.07,6394.49,6427.11,6410.52,6425.72,6385.14,6444.37,6425.74,6397.15,6412,6419.04,6480.69,6514.28,6546.72,6494.49,6554.74,6540.4,6633.86,6668.48,6838.76,6827.37,7043.42,7186.69,7328.07,7682.37,7816.89,7940.91,8333.22,8638.65,9119.27,9309.96,9549.15,9818.92,10119,10294.2,10614.4,10909.7,11216,11333,11428.1,11565.4,11721.9,11849.4,11943.7,12109.9,12211.3,12160.9,12163.5,12278.9,12358.2,12289.5,12399.8,12355.5,12415.9,12353.7,12364.5,12317.9,12302.8,12312.6,12266.6,12490.2,12581.3,12752.8,12731.8,12862.4,12773.9,12874.9,13279.1,13257.5,13277.8,13538.3,13685,14005.9,14144.1,14285.9,14430.5,14547.2,14770.8,14848.2,15134.3,15158.9,15297.5,15530.3,15765,15890.8,16115.3,16167.1,16438.8,16553.5,16868.8,17083.2,17004.9,17159.4,17212.8,17342.3,17415.1,17459.7,17517.7,17618.6,17764,17865.3,17950.1,18089.1,18093.3,18107.8,18116.7,18169.8,18157.4,18351.1,18450.9,18583.7,18674.3,18833.2,18896,19010,19152.6,19354.3,19457.7,19590.1,19652.3,20013.6,20155.3,20226.1,20360.2,20543.9,20753.6,20987.7,20999.8,21181.1,21412.9,21690.4,21838.5,22177,22411.2,22573.1,22719.6,22903.6,23177,23489.3,23844.7,23753.7,24121.3,24428.5,24657,24851.3,24809.3,25013.6,25177.1,25624.1,25736.3,25877,26099.9,26321.8,26235.5,26394.2,26671.2,26888.5,27125,27248.6,27554.3,27694,28051.5,28337.8,28798.4,1372.64269746647,119.36294847989,progressive_failure
0.447506279,46.3445015,84.82636261,37.61797714,1.079183,0.133904,3.5e-05,0.134681,1.087459,1804.02074,0,0,-4.10524e-12,0,0,-1.03544e-15,-3.16538e-16,0,1.42949e-11,4.5839e-08,5.53483e-06,0.000301617,0.00835025,0.242812,2.42914,18.5158,59.9656,196.524,361.636,694.971,1028.49,1510.22,2207.28,2635.95,3156.25,3891.41,4174.97,4557.46,5026.05,5164.21,5498.44,5710.72,5817.53,5960.83,5953.86,5994.82,5968.96,6051.76,6122.18,6159.72,6167.02,6258.62,6187.27,6123.79,6154.08,6143.64,6117.54,6065.79,5996.99,5937.06,5903.96,5936.72,5823.97,5790.58,5844.99,5813.96,5950.6,6017.98,6049.87,6170.18,6312.61,6361.61,6476.4,6587.9,6861.21,7057.44,7145.46,7437.41,7758.44,8112.08,8493.26,8662.57,9019.42,9390.62,9581.25,9839.22,10124,10479.2,10634.6,10838.6,11017.7,11084,11185.3,11241.6,11300.4,11327.6,11343.7,11280.1,11377.7,11288.6,11246.1,11226.8,11215.5,11197.9,11228.7,11205.2,11249.8,11217,11123.2,11175.5,11212.1,11279.2,11420.9,11345.7,11394.6,11624.5,11610.4,11619.8,11682,11692.9,11746.5,11943,12032.8,12259.1,12199,12452.2,12695.5,12828.2,12890.8,13022.8,13260.7,13565.2,13684.4,14091.6,14126.5,14322.5,14566.9,14730.1,14946.4,14888.5,14983.7,15155.9,15352.4,15490.2,15551.7,15537,15745.1,15777.5,15751.1,15835.9,15893.2,15979.8,15966.4,15947.2,16024.6,16162.2,16206.9,16177.8,16314.1,16261.3,16308.8,16323.7,16491.9,16503.2,16586.6,16778.2,16766.8,16894.9,17087.3,17231,17419.1,17648.6,17760.8,17954,18186.3,18326.8,18601.3,18803.3,18940.5,19206.1,19326.2,19719.1,19964.7,20171.9,20544.2,20640,20877.2,21035.9,21301.8,21675.3,21779.3,21965.3,22203.5,22394.2,22601.2,22786.5,22812.9,23020.8,23166.2,23297.7,23450.6,23591.8,23677.5,23727.3,23987.5,24231.4,24503.3,24810,24898.1,25285.8,25589,1201.56587183309,152.052259171336,progressive_failure
0.316512167,40.44504547,41.2873764,71.53339386,1.46984,0.030579,2.2e-05,0.022582,1.470158,708.1841068,0,0,0,0,0,0,0,0,0,0,1.97991e-09,1.05535e-07,4.25481e-06,7.90334e-05,0.000843263,0.00818551,0.070797,0.22723,1.68025,8.23726,19.0257,31.654,40.0578,60.003,84.5653,110.208,134.523,163.672,218.501,246.158,424.071,359.451,509.63,452.696,511.57,558.516,611.459,659.909,774.942,826.965,848.202,906.896,958.876,999.828,1049.12,1103.03,1280.91,1253.04,1311.45,1361.68,1418.03,1455.2,1489.18,1514.19,1533.9,1556.12,1604.49,1610.38,1654.68,1687.75,1685.93,1672.79,1688.17,1686.85,1682.4,1686.12,1707.75,1755.59,1784.35,1779.74,1772.92,1764.09,1750.38,1786.87,1804.79,1817.29,1788.94,1807.88,1770.78,1777.75,1781.68,1794.08,1806.51,1779.96,1774.64,1799.9,1859.07,1878.55,1907.12,1940.39,1920.68,1919.14,1944.74,1960.9,2039.04,2067.4,2080.92,2154.14,2068.09,2064.72,2068.74,2088.83,2181.72,2195.28,2245.22,2299.97,2343.4,2389.13,2403.64,2430.62,2487.41,2546.23,2613.23,2653.61,2711.01,2768.14,2831.19,2911.25,2989.61,2968.01,2995.06,3055.98,3125.17,3172.08,3223.66,3217.74,3236.25,3332.1,3255.89,3283.13,3260.39,3389.7,3424.6,3411.92,3489.49,3681.34,3546.36,3533.14,3606.74,3734.09,3753.17,4187.21,3904.54,3906.66,3918.71,3931.39,4009.49,4030.05,4139.68,4064.94,4015.79,4019.76,4040.92,4089.5,4233.76,4365.45,4276.85,4222.88,4253.98,4240.07,4365.51,4432.19,4523.11,4537.96,4497.24,4562.73,4656.21,4665.72,4777.09,4767.84,4913.83,4977.76,4982.41,5006.78,5141.51,5349.62,5270.78,5466.18,5577.79,5691.94,5638.85,5781.54,5803.4,5899.14,5995.9,5977.43,6041.77,6126.34,6229.92,6258.07,6333.71,6548.8,6605.77,6663.91,6713.05,6757.74,6835.77,6868.76,6949.7,6943.01,6956.62,427.195194418101,38.8572669827825,progressive_failure
0.542975307,15.70003319,20.75862885,36.66233063,1.318948,0.189864,4.3e-05,0.156252,1.332544,2282.117172,0,-8.0721e-13,-8.74902e-15,-6.87259e-15,-2.74791e-15,4.90802e-10,-1.61361e-16,0,5.84697e-09,2.36302e-06,0.000312051,0.0135784,0.323357,2.96395,15.0953,55.0649,112.153,229.261,383.321,596.257,934.83,1156.95,1694.28,2001.97,2594.14,2977.32,3356.18,3833.04,4280.92,4985.88,5279.67,5714.48,6223.79,6560.66,6814.43,7330.36,7377.35,7505.81,7639.77,7690.93,7756.95,7738.73,7717.56,7703.61,7565.05,7540.25,7413.43,7373.94,7452.29,7167.93,7186.23,7070.52,6953.26,6863.48,6854.76,6893.22,6912.74,6931.25,6927.39,6980.59,7070.78,7160.34,7269.75,7451.17,7641.58,7884.8,8104.58,8314.24,8495.18,8781.16,9051.82,9425.93,9741.31,10056.7,10366.2,10779.3,11107.1,11660.1,12131.9,12574.5,12983.1,13573.7,13635.1,13976.3,14083.5,14507.7,14786.1,14817.9,14835.8,15017,15025.6,15107,15081.6,15099.4,15138.8,15026.4,14954.4,14893.5,14898.5,14860.6,14854.7,14825.7,14751,14836.2,14886.2,14901,14921.4,15006.7,15123.7,15213.7,15288.2,15453.1,15620.7,15849.3,16137.4,16442.3,16765.7,16983.3,17291,17582.6,18127.7,18334,18712.7,19201.6,19604.1,20110.9,20472.4,20993.9,21407.4,21757,22077.9,22192.2,22416.1,22659,22667,22757.8,22822.6,22744.3,22780.1,22594.4,22534.3,22530,22399.1,22386.2,22290.9,22328.5,22461.7,22526.1,22727,22859,22909.9,23235.2,23946.4,24212.1,24493.6,24912.2,25333.9,25775.6,26119.4,26728.3,27257.9,27534.3,28003.4,28418.5,28893.8,29408.6,29832.4,30103.9,30360.9,30634.7,30909.2,31098.3,31353.8,31670,31570.1,31816.7,32059.7,32190.4,32274.9,32342.7,32599.3,32750.1,33166.3,33398.6,33933.2,34464.2,35042.5,35845.3,36497.5,37291.5,37984.1,38840,39838.3,40645.7,41018.2,42192.9,42297.5,42806,43432.6,43731,43920.2,2328.72631757215,342.780864597003,progressive_failure
0.486240506,34.13789368,45.59420776,11.88571835,1.11153,0.205882,3.9e-05,0.201052,1.130436,1917.67063,0,0,0,0,-4.47882e-14,-2.90618e-13,-2.94861e-13,-6.20046e-14,1.42064e-08,1.63031e-06,0.00020973,0.0107225,0.253093,8.804,63.952,302.594,876.706,1880.84,3643.72,5162.84,5817.05,6552.31,6868.37,7430.85,7794.55,8076.45,8164.39,8211.75,8319.27,8383.87,8428.45,8363.07,8482.03,8440.79,8347.49,8393.42,8623.21,8377.01,8301.66,8181.69,8087.98,8120.49,8217.19,8220.4,8309.12,8203.62,8364.19,8578.94,9106.82,9390.43,9933.87,10620.9,11124.8,11759.3,12060.8,12534.6,13208.1,13824.4,14163,14498.5,14962.2,15174.5,15317.7,15576,15785.3,15866.3,15898.8,16153.6,16173.2,16179.8,16020.9,16044.7,16011.7,15957.8,15976.1,15733.6,15761.4,15818.2,15895.1,16061.6,16225.1,16436.5,16661.4,16817.2,17152.9,17287.8,17479.5,17734.4,17923,18284.4,18452.9,18773.8,19096.4,19241.3,19384.8,19442.1,19551.7,19621.2,19808.6,19981.1,20045.3,20040.3,20216.3,20323.2,20332,20359.5,20429.6,20421.5,20468.5,20603.4,20573.1,20563.3,20578.9,20586.3,20601.3,20663.5,20723.1,20990,21063.8,21255.5,21461.8,21760.4,21892,21929.7,22260.1,22426.4,22579.7,22768.5,22839.5,22850.5,22894.9,23028.4,23045,23018.9,23214.3,23282.6,23401.1,23444.7,23570.7,23595.2,23848.4,23869.3,23928,24000.3,24042.4,24034.3,24064.8,24017.1,24137.8,24238.4,24383.3,24505.3,24535.4,24705.6,24889.4,24998.9,25188,25246.9,25279.2,25417.6,25623.2,25752.5,26019.9,26175.8,26436.1,26338.9,26999.1,27229,27195,27482.4,27693.4,27648.8,28184.5,28132.7,28255.8,28374.5,28600.8,28634.8,28624,28948.9,28931.6,29006.5,29083.9,29200.2,29217,29511.4,29776.4,29767,29905.9,30577.6,30753.7,30760.3,31258.3,31613.6,31730.2,32052.8,32555.4,32590.4,33013.8,33437.2,33650.8,1218.64903129657,68.5631635254775,progressive_failure
0.418664217,52.47988892,73.81450653,8.288189888,1.259005,0.092417,3.1e-05,0.079678,1.262392,1986.036791,0,0,0,0,0,-8.34416e-18,-1.5006e-16,-4.46515e-15,0,0,8.53538e-07,5.01427e-05,0.0012977,0.01708,0.141859,5.57075,7.8581,60.1124,154.704,268.724,462.666,707.597,996.111,1355.13,1774.57,1930.22,2293.63,2751.91,2957.68,3348,3543.73,3819.04,4072.73,4335.37,4392.8,4517.7,4562.3,4647.6,4698.86,4645.58,4597.41,4645.9,4563.95,4630.87,4590.28,4568.73,4550.39,4479.11,4424.15,4411.51,4381.76,4358.3,4343.9,4373.21,4373.51,4377.17,4321.94,4408.58,4328.64,4359.81,4395.75,4451.98,4475.89,4556.82,4597.85,4700.46,4765.7,4955.95,5071.04,5174.14,5300.68,5383.9,5526.28,5685.74,5768.64,5868.03,6045.42,6131,6337.47,6412.13,6573.24,6635.06,6751.34,6848.65,6995.94,7127.24,7184.45,7324.73,7498.28,7505.47,7631.17,7756.26,7694.75,8050.75,7818.6,7996.67,8131.98,8218.66,8215.81,8250.47,8210.64,8167.87,8234.22,8255.43,8293.24,8303.04,8340.54,8417.5,8409.26,8402.24,8391.6,8393.53,8431.34,8500.81,8520.19,8621.58,8726.04,8625.51,8624.86,8699.29,8779.96,8873.23,8856.7,8906.35,8978.66,9069.53,9059.02,9141.81,9304.18,9369.19,9646.08,9601.51,9818.06,9903.22,10026.1,10150.3,10227.4,10302.4,10509.4,10690.1,10848,11037.3,11328.6,11407,11324.6,11420.4,11489.8,11519.3,11624,11688.6,11955.2,12005.3,12107.6,12192,12287.8,12374.6,12373.2,12451.8,12579.4,12704.2,12896.3,12853.4,12904.5,12983.1,13065.7,13109.3,13375,13165.6,13234.8,13349.3,13406.9,13519.1,13635.6,13733.9,13842.4,13957.7,14119.5,14336.2,14476.1,14632.8,14795.4,14944.2,15214.4,15375.4,15573.6,15734.8,15921.1,16163.2,16412.2,16435.7,16657.4,16852.7,17045,17239.5,17339.6,17491.1,17699,17886.5,18099.2,18212.6,18395.7,896.602925755318,108.086765418841,progressive_failure
0.334162354,74.55744171,55.47642899,69.43566132,1.32069,0.040587,2.4e-05,0.033357,1.321313,682.3642201,0,0,0,0,0,0,0,0,-1.27336e-13,0,8.65582e-09,4.01894e-07,1.34075e-05,0.000227979,0.0022272,0.014125,0.0729927,0.169413,1.077,6.67837,18.8759,32.9784,59.8563,84.9545,121.684,166.677,224.575,280.762,377.991,434.322,537.222,603.879,737.207,934.923,923.731,1003.77,1113.4,1216.06,1295.99,1348.19,1440.76,1514.83,1612.76,1648.59,1692.53,1773.81,1816.06,1873.78,1975.33,1988.76,2035.63,2083.51,2162.75,2145.45,2247.71,2250.36,2247.77,2284.8,2322.81,2348.08,2408.43,2531.7,2447.04,2451.64,2490.61,2684.46,2436.25,2429.81,2408.38,2470.59,2398.82,2441.17,2535.82,2502.56,2487.2,2497.49,2493.45,2490.18,2444.3,2424.32,2438.59,2441.42,2438.13,2471.08,2501.97,2504.11,2513.44,2480.45,2469.44,2507.04,2490.64,2496.98,2503.58,2507.07,2523.34,2586.14,2623.7,2682.41,2765.4,2849.75,2823.47,2873.45,2854.04,2837.83,2862.49,2902.78,3016.27,3117.58,3193.26,3246.39,3303.54,3512.97,3518.8,3566.39,3643.19,3706.41,3787.89,4029.08,3952.64,4033.58,4377.55,4295.98,4321.9,4371.55,4434.54,4489.75,4561.16,4618.61,4656.16,4702.86,4889.27,4898.76,4904.25,4946.53,4982.81,5016.51,5064.34,5079.13,5078,5154.01,5051.11,5117.41,5178.64,5124.51,5155.68,5218.95,5331.38,5302.49,5364.53,5428.42,5340.81,5312.34,5288.09,5295.37,5378.96,5369.54,5440.03,5508.5,5524.02,5572.11,5591.35,5659.04,5708.1,5746.98,5784.78,5757.42,5796.36,5930.77,5926.38,6183.53,6174.13,6179.06,6196.42,6397.25,6596.31,6617.78,6657.05,6734.4,6748.77,6882.21,7001.67,7105.98,7356.12,7399.96,7566.52,7635.04,7724.8,7847,7994.89,8060.79,8231.94,8247.99,8321.14,8474.21,8693.81,8776.52,8837.76,8851.82,8947.64,9025.93,9050.2,525.182118276656,35.8031494951155,progressive_failure
0.529711187,88.89893341,8.833514214,74.71790314,1.129317,0.206206,4.2e-05,0.198196,1.147989,2254.573528,0,0,0,0,-6.42558e-14,0,0,-6.60036e-14,0,5.82216e-07,8.45389e-05,0.00440835,0.104574,8.67677,20.4462,86.7002,269.119,620.26,1158.82,1960.14,3079.6,3733.96,4830.03,5561.74,6395.44,6964.67,7367,7558.42,7763.49,8052.44,8116.64,8123.82,8233.17,8230.1,8250.78,8307.48,8266.69,8313.58,8238.69,8179.76,8082.41,7940.87,8030.99,8032.53,8062.38,8088.11,8027.47,8059.4,8062.49,8125.04,8192.91,8252.2,8299.41,8351.51,8475.05,8634.16,8930.33,9372.32,9639.86,10187.9,10611.1,11135.3,11785.2,12350,12986.9,13268.3,13770.5,14122.1,14554.7,14877,14996.5,15155.6,15315.8,15418.9,15553.1,15634.2,15788.5,15787.7,15950,15891.5,15918.6,15901.8,15741.5,15709.6,15651.9,15731.2,15756,15776.8,15843.5,15870.8,15851.3,15894.2,15993.1,16132,16098.9,16206.6,16283.1,16444.7,16717.2,16871.7,17066.6,17324.5,17525.2,17683.7,18098.2,18406.2,18649.6,19005.9,19331.3,19657.7,20086.6,20234.1,20435.3,20701.7,20949,21172.3,21436.1,21577.7,21755.1,21890.4,21933.4,21859.5,21912.7,22084.8,22110.1,22220.9,22268,22331.2,22343.8,22397.3,22428.3,22481.7,22536.2,22594.1,22761.9,22862.3,23035.3,23125.6,23270.8,23274.8,23521.1,23814.2,23778,24011.8,24245.9,24328.5,24651,24837.1,25061.8,25384.5,25783.2,25999.1,26218.1,26466.2,26765.8,26884.2,27224.3,27520,27767.4,28071.8,28417.2,28600.4,28794.6,28883.2,29004.2,29321.4,29572.6,29727.9,29878.4,30019,30211.1,30285.1,30657.3,30789.5,31169.1,31149.3,31297.2,31538.1,31728.1,31944.8,32208.4,32469.7,32607.8,32871.5,33267.4,33329.3,33741.6,34098.6,34372.6,34781.5,35189.4,35516.4,35779.4,36320.2,36691.5,36959.6,37503.7,37926.9,38285.5,38923.9,39382.8,1853.68173011787,135.198235311056,progressive_failure
0.494382858,49.69432831,16.29308319,73.75901031,1.088398,0.168211,3.9e-05,0.167756,1.10132,1908.755549,0,0,0,-1.13651e-14,0,0,-2.53837e-14,-3.93869e-13,0,2.55551e-07,2.54141e-05,0.00186851,0.109096,0.675269,6.43707,65.1869,140.392,325.308,705.052,1242.94,1628.14,2424.61,3127.26,3759.66,4521.53,4861.15,5444.53,5978.14,6540.24,6601.44,7027.4,7134.29,7209,7261.4,7242.28,7242.84,7204.96,7140.16,7055.12,6964.98,6865.46,6777.15,6762.43,6703.66,6665.59,6694.86,6728.1,6787.64,6813.56,6840.01,6888.91,6921.15,6965.33,7088.57,7079.28,7154.86,7220.07,7257.14,7387.96,7577.96,7677.07,7934.53,8144.33,8457.8,8826.62,9211.97,9688.3,10213.2,10686.7,11058.1,11559.4,12415.9,12265.2,12539.9,12825.9,13114.1,13500.3,13302.5,13455.3,13492.6,13479.4,13410.7,13436.1,13419.7,13365.5,13304.7,13302.7,13250.3,13191.8,13123.1,13073.6,13059.8,13057.9,13107.2,13089.6,13085.3,13054.5,13144.4,13246.5,13257.1,13299.1,13441.5,13557.8,13657.8,13887.2,14019.1,14376.4,14600,14903.2,15098.6,15331.4,15755.9,15899.5,16179.9,16507.7,16813.9,17038.2,17380.5,17496.5,17612.3,17832.9,18020,18333.6,18328.6,18580.5,18628.2,18839.7,19015.6,19154.7,19147.7,19328.4,19418.4,19396.7,19516,19560.8,19473.7,19567.8,19638.5,19612.5,19569,19669.8,19633.3,19665,19729.7,19766.4,19767.2,19940.5,19880.5,19945.1,20055.3,20204.3,20417,20569.9,20748.7,20823.8,21239.6,21461.9,21944.3,22099.5,22336.6,22762.9,23028.1,23293.3,23720.2,24052.4,24218.3,24512.3,25006.7,25252.7,25578.7,25913.5,26019.2,26221.6,26335,26551.4,26669.2,26758.4,26773.9,27025.8,27180.7,27292.4,27358.2,27480.7,27546,27481.1,27597.7,27616,27851.5,28140.9,28148.7,28490,28750.3,28954.5,29229.2,29510.1,30014.7,30263.4,30837,31051.7,31692,32026.6,1548.32012599919,113.372017260184,progressive_failure
